游戏名字,游戏类型,游戏图片,游戏地址
"('Contra(USA)',)","('魂斗罗 魂斗罗 ',)",https://mrcuya.gitee.io/yikmresource/fcpic/sj/436a.png,"('https://www.yikm.net/play?id=4137&n=L2Zjcm9tL3NqL0NvbnRyYSAoVSkgWyFdLm5lcw==&t=Contra(USA)',)"
"('激龟快打(忍者神龟格斗)欧版',)","('正品格斗 正品格斗 ',)",https://mrcuya.gitee.io/yikmresource/fcpic/gd/2254a.png,"('https://www.yikm.net/play?id=3882&n=L2Zjcm9tL2dkL1RlZW5hZ2UgTXV0YW50IEhlcm8gVHVydGxlcyAtIFRvdXJuYW1lbnQgRmlnaHRlcnMgKEUpIFshXS5uZXM=&t=激龟快打(忍者神龟格斗)欧版',)"
"('Contra(USA)',)","('魂斗罗 魂斗罗 ',)",https://mrcuya.gitee.io/yikmresource/fcpic/sj/910a.png,"('https://www.yikm.net/play?id=4138&n=L2Zjcm9tL3NqL0NvbnRyYSAoKzQgbWVudSkubmVz&t=Contra(USA)',)"
"('激龟快打(忍者神龟格斗)美版',)","('正品格斗 正品格斗 ',)",https://mrcuya.gitee.io/yikmresource/fcpic/gd/2259a.png,"('https://www.yikm.net/play?id=3883&n=L2Zjcm9tL2dkL1RlZW5hZ2UgTXV0YW50IE5pbmphIFR1cnRsZXMgLSBUb3VybmFtZW50IEZpZ2h0ZXJzIChVKSBbIV0ubmVz&t=激龟快打(忍者神龟格斗)美版',)"
"('魂斗罗力量',)","('魂斗罗 魂斗罗 ',)",https://mrcuya.gitee.io/yikmresource/fcpic/sj/437a.png,"('https://www.yikm.net/play?id=4141&n=L2Zjcm9tL3NqL0NvbnRyYSBGb3JjZSAoVSkgWyFdLm5lcw==&t=魂斗罗力量',)"
"('热血新纪录(日版)',)","('热血系列 热血系列 ',)",https://mrcuya.gitee.io/yikmresource/fcpic/ydbs/255a.png,"('https://www.yikm.net/play?id=4710&n=L2Zjcm9tL3lkYnMvQmlra3VyaSBOZWtrZXRzdSBTaGluIEtpcm9rdSEgLSBIYXJ1a2FuYXJ1IEtpbiBNZWRhbCAoSikgWyFdLm5lcw==&t=热血新纪录(日版)',)"
"('冒险岛(日版)',)","('冒险岛 冒险岛 ',)",https://mrcuya.gitee.io/yikmresource/fcpic/1001a.png,"('https://www.yikm.net/play?id=3175&n=L2Zjcm9tL2R6bXgvVGFrYWhhc2hpIE1laWppbiBubyBCb3VrZW4gU2hpbWEgKEopIFshXS5uZXM=&t=冒险岛(日版)',)"
"('热血新纪录(美版)',)","('热血系列 热血系列 ',)",https://mrcuya.gitee.io/yikmresource/fcpic/4711a.png,"('https://www.yikm.net/play?id=4711&n=L2Zjcm9tL3lkYnMvQ3Jhc2ggJ24gdGhlIEJveXMgLSBTdHJlZXQgQ2hhbGxlbmdlIChVKSBbIV0ubmVz&t=热血新纪录(美版)',)"
"('冒险岛(美版)',)","('冒险岛 冒险岛 ',)",https://mrcuya.gitee.io/yikmresource/fcpic/1001a.png,"('https://www.yikm.net/play?id=3176&n=L2Zjcm9tL2R6bXgvSHVkc29uJ3MgQWR2ZW50dXJlIElzbGFuZCAoVSkgWyFdLm5lcw==&t=冒险岛(美版)',)"
"('热血时代剧',)","('热血系列 热血系列 ',)",https://mrcuya.gitee.io/yikmresource/fcpic/4712.png,"('https://www.yikm.net/play?id=4712&n=L2Zjcm9tL3lkYnMvRG93bnRvd24gU3BlY2lhbCAtIEt1bmlvLWt1biBubyBKaWRhaWdla2kgRGF5byBaZW5pbiBTaHV1Z291ISAoSikgWyFdLm5lcw==&t=热血时代剧',)"
"('冒险岛2(日版)',)","('冒险岛 冒险岛 ',)",https://mrcuya.gitee.io/yikmresource/fcpic/3177.png,"('https://www.yikm.net/play?id=3177&n=L2Zjcm9tL2R6bXgvVGFrYWhhc2hpIE1laWppbiBubyBCb3VrZW4gU2hpbWEgSUkgKEopIFshXS5uZXM=&t=冒险岛2(日版)',)"
"('Ike Ike! Nekketsu Hockey Bu - Subette Koronde Dairantou',)","('热血系列 热血系列 ',)",https://mrcuya.gitee.io/yikmresource/fcpic/4713.png,"('https://www.yikm.net/play?id=4713&n=L2Zjcm9tL3lkYnMvSWtlIElrZSEgTmVra2V0c3UgSG9ja2V5LWJ1IC0gU3ViZXR0ZSBLb3JvbmRlIERhaSBSYW50b3UgKEopIFshXS5uZXM=&t=Ike Ike! Nekketsu Hockey Bu - Subette Koronde Dairantou',)"
"('冒险岛2(美版)',)","('冒险岛 冒险岛 ',)",https://mrcuya.gitee.io/yikmresource/fcpic/2581a.png,"('https://www.yikm.net/play?id=3178&n=L2Zjcm9tL2R6bXgvSHVkc29uJ3MgQWR2ZW50dXJlIElzbGFuZCBJSSAoVSkgWyFdLm5lcw==&t=冒险岛2(美版)',)"
"('Riki Kunio',)","('热血系列 热血系列 ',)",https://mrcuya.gitee.io/yikmresource/fcpic/ydbs/1544a.png,"('https://www.yikm.net/play?id=4714&n=L2Zjcm9tL3lkYnMvTmVra2V0c3UgS2FrdXRvdSBEZW5zZXRzdSAoSikgWyFdLm5lcw==&t=Riki Kunio',)"
"('冒险岛3(日版)',)","('冒险岛 冒险岛 ',)",https://mrcuya.gitee.io/yikmresource/fcpic/3179.png,"('https://www.yikm.net/play?id=3179&n=L2Zjcm9tL2R6bXgvVGFrYWhhc2hpIE1laWppbiBubyBCb3VrZW4gU2hpbWEgSUlJIChKKSBbIV0ubmVz&t=冒险岛3(日版)',)"
"('River City Brawl(Japan)',)","('热血系列 热血系列 ',)",https://mrcuya.gitee.io/yikmresource/fcpic/ydbs/577a.png,"('https://www.yikm.net/play?id=4715&n=L2Zjcm9tL3lkYnMvRG93bnRvd24gLSBOZWtrZXRzdSBNb25vZ2F0YXJpIChKKS5uZXM=&t=River City Brawl(Japan)',)"
"('冒险岛3(美版)',)","('冒险岛 冒险岛 ',)",https://mrcuya.gitee.io/yikmresource/fcpic/1000a.png,"('https://www.yikm.net/play?id=3180&n=L2Zjcm9tL2R6bXgvSHVkc29uJ3MgQWR2ZW50dXJlIElzbGFuZCBJSUkgKFUpIFshXS5uZXM=&t=冒险岛3(美版)',)"
"('River City Brawl(Europe)',)","('热血系列 热血系列 ',)",https://mrcuya.gitee.io/yikmresource/fcpic/ydbs/2114a.png,"('https://www.yikm.net/play?id=4716&n=L2Zjcm9tL3lkYnMvU3RyZWV0IEdhbmdzIChFKSBbIV0ubmVz&t=River City Brawl(Europe)',)"
"('冒险岛4',)","('冒险岛 冒险岛 ',)",https://mrcuya.gitee.io/yikmresource/fcpic/3181.png,"('https://www.yikm.net/play?id=3181&n=L2Zjcm9tL2R6bXgvVGFrYWhhc2hpIE1laWppbiBubyBCb3VrZW4gU2hpbWEgSVYgKEopLm5lcw==&t=冒险岛4',)"
"('River City Brawl(USA)',)","('热血系列 热血系列 ',)",https://mrcuya.gitee.io/yikmresource/fcpic/ydbs/1810a.png,"('https://www.yikm.net/play?id=4717&n=L2Zjcm9tL3lkYnMvUml2ZXIgQ2l0eSBSYW5zb20gKFUpIFshXS5uZXM=&t=River City Brawl(USA)',)"
"('RXHPUS(Japan)',)","('热血系列 热血系列 ',)",https://mrcuya.gitee.io/yikmresource/fcpic/1000a.png,"('https://www.yikm.net/play?id=4718&n=L2Zjcm9tL3lkYnMvTmVra2V0c3UgS291aGEgLSBLdW5pby1rdW4gKEopIFshXS5uZXM=&t=RXHPUS(Japan)',)"
"('RXHPUS(USA)',)","('热血系列 热血系列 ',)",https://mrcuya.gitee.io/yikmresource/fcpic/ydbs/2230a.png,"('https://www.yikm.net/play?id=4719&n=L2Zjcm9tL3lkYnMvUmVuZWdhZGUgKFUpIFshXS5uZXM=&t=RXHPUS(USA)',)"
"('Nekketsu! Street Basket - Ganbare Dunk Heroes',)","('热血系列 热血系列 ',)",https://mrcuya.gitee.io/yikmresource/fcpic/ydbs/1548a.png,"('https://www.yikm.net/play?id=4720&n=L2Zjcm9tL3lkYnMvTmVra2V0c3UhIFN0cmVldCBCYXNrZXQgLSBHYW5iYXJlIER1bmsgSGVyb2VzIChKKS5uZXM=&t=Nekketsu! Street Basket - Ganbare Dunk Heroes',)"
"('热血足球(日版)',)","('热血系列 热血系列 ',)",https://mrcuya.gitee.io/yikmresource/fcpic/1000a.png,"('https://www.yikm.net/play?id=4721&n=L2Zjcm9tL3lkYnMvTmVra2V0c3UgS291a291IERvZGdlYmFsbCBCdSAtIFNvY2NlciBIZW4gKEopIFshXS5uZXM=&t=热血足球(日版)',)"
"('热血足球(欧版)',)","('热血系列 热血系列 ',)",https://mrcuya.gitee.io/yikmresource/fcpic/1000a.png,"('https://www.yikm.net/play?id=4722&n=L2Zjcm9tL3lkYnMvTmludGVuZG8gV29ybGQgQ3VwIChFKSAoUFJHMCkgWyFdLm5lcw==&t=热血足球(欧版)',)"
"('热血足球(美版)',)","('热血系列 热血系列 ',)",https://mrcuya.gitee.io/yikmresource/fcpic/ydbs/1587a.png,"('https://www.yikm.net/play?id=4723&n=L2Zjcm9tL3lkYnMvTmludGVuZG8gV29ybGQgQ3VwIChVKSBbIV0ubmVz&t=热血足球(美版)',)"
"('热血足球联盟',)","('热血系列 热血系列 ',)",https://mrcuya.gitee.io/yikmresource/fcpic/ydbs/1223a.png,"('https://www.yikm.net/play?id=4724&n=L2Zjcm9tL3lkYnMvS3VuaW8ta3VuIG5vIE5la2tldHN1IFNvY2NlciBMZWFndWUgKEopIFshXS5uZXM=&t=热血足球联盟',)"
"('Downtown - Nekketsu Koushin Kyoku - Soreyuke Daiundoukai',)","('热血系列 热血系列 ',)",https://mrcuya.gitee.io/yikmresource/fcpic/1000a.png,"('https://www.yikm.net/play?id=4725&n=L2Zjcm9tL3lkYnMvRG93bnRvd24gLSBOZWtrZXRzdSBLb3VzaGluIEt5b2t1IC0gU29yZXl1a2UgRGFpdW5kb3VrYWkgKEopIFshXS5uZXM=&t=Downtown - Nekketsu Koushin Kyoku - Soreyuke Daiundoukai',)"
"('Super Dodge Ball(Japan)',)","('热血系列 热血系列 ',)",https://mrcuya.gitee.io/yikmresource/fcpic/1000a.png,"('https://www.yikm.net/play?id=4726&n=L2Zjcm9tL3lkYnMvTmVra2V0c3UgS291a291IERvZGdlYmFsbCBCdSAoSikgWyFdLm5lcw==&t=Super Dodge Ball(Japan)',)"
"('Super Dodge Ball(USA)',)","('热血系列 热血系列 ',)",https://mrcuya.gitee.io/yikmresource/fcpic/ydbs/2142a.png,"('https://www.yikm.net/play?id=4727&n=L2Zjcm9tL3lkYnMvU3VwZXIgRG9kZ2UgQmFsbCAoVSkgWyFdLm5lcw==&t=Super Dodge Ball(USA)',)"
"('Double Dragon(Japan)',)","('双截龙 双截龙 ',)",https://mrcuya.gitee.io/yikmresource/fcpic/1000a.png,"('https://www.yikm.net/play?id=3199&n=L2Zjcm9tL2R6bXgvRG91YmxlIERyYWdvbiAoSikgWyFdLm5lcw==&t=Double Dragon(Japan)',)"
"('Double Dragon(Europe)',)","('双截龙 双截龙 ',)",https://mrcuya.gitee.io/yikmresource/fcpic/558a.png,"('https://www.yikm.net/play?id=3200&n=L2Zjcm9tL2R6bXgvRG91YmxlIERyYWdvbiAoRSkgWyFdLm5lcw==&t=Double Dragon(Europe)',)"
"('Double Dragon(USA)',)","('双截龙 双截龙 ',)",https://mrcuya.gitee.io/yikmresource/fcpic/560a.png,"('https://www.yikm.net/play?id=3201&n=L2Zjcm9tL2R6bXgvRG91YmxlIERyYWdvbiAoVSkgWyFdLm5lcw==&t=Double Dragon(USA)',)"
"('双截龙2-复仇(日版)',)","('双截龙 双截龙 ',)",https://mrcuya.gitee.io/yikmresource/fcpic/1000a.png,"('https://www.yikm.net/play?id=3202&n=L2Zjcm9tL2R6bXgvRG91YmxlIERyYWdvbiBJSSAtIFRoZSBSZXZlbmdlIChKKS5uZXM=&t=双截龙2-复仇(日版)',)"
"('双截龙2-复仇(欧版)',)","('双截龙 双截龙 ',)",https://mrcuya.gitee.io/yikmresource/fcpic/564a.png,"('https://www.yikm.net/play?id=3203&n=L2Zjcm9tL2R6bXgvRG91YmxlIERyYWdvbiBJSSAtIFRoZSBSZXZlbmdlIChFKSBbIV0ubmVz&t=双截龙2-复仇(欧版)',)"
"('双截龙2-复仇(美版)',)","('双截龙 双截龙 ',)",https://mrcuya.gitee.io/yikmresource/fcpic/1000a.png,"('https://www.yikm.net/play?id=3204&n=L2Zjcm9tL2R6bXgvRG91YmxlIERyYWdvbiBJSSAtIFRoZSBSZXZlbmdlIChVKSAoUFJHMSkgWyFdLm5lcw==&t=双截龙2-复仇(美版)',)"
"('双截龙3-罗塞塔之石(日版)',)","('双截龙 双截龙 ',)",https://mrcuya.gitee.io/yikmresource/fcpic/1000a.png,"('https://www.yikm.net/play?id=3205&n=L2Zjcm9tL2R6bXgvRG91YmxlIERyYWdvbiBJSUkgLSBUaGUgUm9zZXR0YSBTdG9uZSAoSikgWyFdLm5lcw==&t=双截龙3-罗塞塔之石(日版)',)"
"('双截龙3-罗塞塔之石(欧版)',)","('双截龙 双截龙 ',)",https://mrcuya.gitee.io/yikmresource/fcpic/568a.png,"('https://www.yikm.net/play?id=3206&n=L2Zjcm9tL2R6bXgvRG91YmxlIERyYWdvbiBJSUkgLSBUaGUgU2FjcmVkIFN0b25lcyAoRSkgWyFdLm5lcw==&t=双截龙3-罗塞塔之石(欧版)',)"
"('双截龙3-罗塞塔之石(美版)',)","('双截龙 双截龙 ',)",https://mrcuya.gitee.io/yikmresource/fcpic/568a.png,"('https://www.yikm.net/play?id=3207&n=L2Zjcm9tL2R6bXgvRG91YmxlIERyYWdvbiBJSUkgLSBUaGUgU2FjcmVkIFN0b25lcyAoVSkgWyFdLm5lcw==&t=双截龙3-罗塞塔之石(美版)',)"
"('TARGET',)","('双截龙 双截龙 ',)",https://mrcuya.gitee.io/yikmresource/fcpic/1000a.png,"('https://www.yikm.net/play?id=3208&n=L2Zjcm9tL2R6bXgvVGFyZ2V0IC0gUmVuZWdhZGUgKFUpIFshXS5uZXM=&t=TARGET',)"
"('Takahashi Meijin No Bugutte Honey',)","('射击 射击 ',)",https://mrcuya.gitee.io/yikmresource/fcpic/sj/2217a.png,"('https://www.yikm.net/play?id=3997&n=L2Zjcm9tL3NqL1Rha2FoYXNoaSBNZWlqaW4gbm8gQnVndXR0ZSBIb25leSAoSikgWyFdLm5lcw==&t=Takahashi Meijin No Bugutte Honey',)"
"('Saiyuuki World(Japan)',)","('动作冒险 动作冒险 ',)",https://mrcuya.gitee.io/yikmresource/fcpic/1880a.png,"('https://www.yikm.net/play?id=3486&n=L2Zjcm9tL2R6bXgvU2FpeXV1a2kgV29ybGQgKEopLm5lcw==&t=Saiyuuki World(Japan)',)"
"('Whomp Em(Japan)',)","('动作冒险 动作冒险 ',)",https://mrcuya.gitee.io/yikmresource/fcpic/1881a.png,"('https://www.yikm.net/play?id=3487&n=L2Zjcm9tL2R6bXgvU2FpeXV1a2kgV29ybGQgMiAtIFRlbmpvdWthaSBubyBNYWppbiAoSikubmVz&t=Whomp Em(Japan)',)"
"('SNOWBROS(Japan)',)","('小游戏 小游戏 ',)",https://mrcuya.gitee.io/yikmresource/fcpic/xyx/2023a.png,"('https://www.yikm.net/play?id=4511&n=L2Zjcm9tL3h5eC9Tbm93IEJyb3MuIChKKS5uZXM=&t=SNOWBROS(Japan)',)"
"('Whomp Em(USA)',)","('动作冒险 动作冒险 ',)",https://mrcuya.gitee.io/yikmresource/fcpic/1000a.png,"('https://www.yikm.net/play?id=3488&n=L2Zjcm9tL2R6bXgvV2hvbXAnRW0gKFUpIFshXS5uZXM=&t=Whomp Em(USA)',)"
"('Super Mario Bros',)","('超级马里奥 超级马里奥 ',)",https://mrcuya.gitee.io/yikmresource/fcpic/2146a.png,"('https://www.yikm.net/play?id=3501&n=L2Zjcm9tL2R6bXgvU3VwZXIgTWFyaW8gQnJvcy4gKFcpIFshXS5uZXM=&t=Super Mario Bros',)"
"('Super Mario Bros 2(Japan)',)","('超级马里奥 超级马里奥 ',)",https://mrcuya.gitee.io/yikmresource/fcpic/2161a.png,"('https://www.yikm.net/play?id=3502&n=L2Zjcm9tL2R6bXgvU3VwZXIgTWFyaW8gVVNBIChKKSBbIV0ubmVz&t=Super Mario Bros 2(Japan)',)"
"('Super Mario Bros 2(Europe)',)","('超级马里奥 超级马里奥 ',)",https://mrcuya.gitee.io/yikmresource/fcpic/2153a.png,"('https://www.yikm.net/play?id=3503&n=L2Zjcm9tL2R6bXgvU3VwZXIgTWFyaW8gQnJvcy4gMiAoRSkgWyFdLm5lcw==&t=Super Mario Bros 2(Europe)',)"
"('Super Mario Bros 3(Europe)',)","('超级马里奥 超级马里奥 ',)",https://mrcuya.gitee.io/yikmresource/fcpic/2157a.png,"('https://www.yikm.net/play?id=3507&n=L2Zjcm9tL2R6bXgvU3VwZXIgTWFyaW8gQnJvcy4gMyAoRSkgWyFdLm5lcw==&t=Super Mario Bros 3(Europe)',)"
"('坦克大战',)","('小游戏 小游戏 ',)",https://mrcuya.gitee.io/yikmresource/fcpic/xyx/timg.png,"('https://www.yikm.net/play?id=4275&n=L2Zjcm9tL3h5eC9CYXR0bGUgQ2l0eSAoSikgWyFdLm5lcw==&t=坦克大战',)"
"('Super Mario Bros 3(USA)',)","('超级马里奥 超级马里奥 ',)",https://mrcuya.gitee.io/yikmresource/fcpic/2157a.png,"('https://www.yikm.net/play?id=3508&n=L2Zjcm9tL2R6bXgvU3VwZXIgTWFyaW8gQnJvcy4gMyAoVSkgKFBSRzEpIFshXS5uZXM=&t=Super Mario Bros 3(USA)',)"
"('MARIOMIS(Europe)',)","('超级马里奥 超级马里奥 ',)",https://mrcuya.gitee.io/yikmresource/fcpic/1000a.png,"('https://www.yikm.net/play?id=3511&n=L2Zjcm9tL2R6bXgvTWFyaW8gaXMgTWlzc2luZyEgKEUpIFshXS5uZXM=&t=MARIOMIS(Europe)',)"
"('MARIOMIS(USA)',)","('超级马里奥 超级马里奥 ',)",https://mrcuya.gitee.io/yikmresource/fcpic/1000a.png,"('https://www.yikm.net/play?id=3512&n=L2Zjcm9tL2R6bXgvTWFyaW8gaXMgTWlzc2luZyEgKFUpIFshXS5uZXM=&t=MARIOMIS(USA)',)"
"('马里奥的时间机器',)","('超级马里奥 超级马里奥 ',)",https://mrcuya.gitee.io/yikmresource/fcpic/1000a.png,"('https://www.yikm.net/play?id=3513&n=L2Zjcm9tL2R6bXgvTWFyaW8ncyBUaW1lIE1hY2hpbmUhIChVKSBbIV0ubmVz&t=马里奥的时间机器',)"
"('Super Mario Bros 2',)","('超级马里奥 超级马里奥 ',)",https://mrcuya.gitee.io/yikmresource/fcpic/1000a.png,"('https://www.yikm.net/play?id=6086&n=L2Zjcm9tL2R6bXgvc21iMmoubmVz&t=Super Mario Bros 2&ac=3',)"
"('TMNT2(Japan)',)","('忍者神龟 忍者神龟 ',)",https://mrcuya.gitee.io/yikmresource/fcpic/2257a.png,"('https://www.yikm.net/play?id=3297&n=L2Zjcm9tL2R6bXgvVGVlbmFnZSBNdXRhbnQgTmluamEgVHVydGxlcyAoSikubmVz&t=TMNT2(Japan)',)"
"('TMNT2(USA)',)","('忍者神龟 忍者神龟 ',)",https://mrcuya.gitee.io/yikmresource/fcpic/2260a.png,"('https://www.yikm.net/play?id=3298&n=L2Zjcm9tL2R6bXgvVGVlbmFnZSBNdXRhbnQgTmluamEgVHVydGxlcyBJSSAtIFRoZSBBcmNhZGUgR2FtZSAoVSkgWyFdLm5lcw==&t=TMNT2(USA)',)"
"('TMNT3(Japan)',)","('忍者神龟 忍者神龟 ',)",https://mrcuya.gitee.io/yikmresource/fcpic/1000a.png,"('https://www.yikm.net/play?id=3299&n=L2Zjcm9tL2R6bXgvVGVlbmFnZSBNdXRhbnQgTmluamEgVHVydGxlcyAyIC0gVGhlIE1hbmhhdHRhbiBQcm9qZWN0IChKKS5uZXM=&t=TMNT3(Japan)&ac=3',)"
"('Gekikame Ninja Den',)","('忍者神龟 忍者神龟 ',)",https://mrcuya.gitee.io/yikmresource/fcpic/838a.png,"('https://www.yikm.net/play?id=3301&n=L2Zjcm9tL2R6bXgvR2VraWthbWUgTmluamEgRGVuIChKKS5uZXM=&t=Gekikame Ninja Den',)"
"('Gekikame Ninja Den',)","('忍者神龟 忍者神龟 ',)",https://mrcuya.gitee.io/yikmresource/fcpic/2258a.png,"('https://www.yikm.net/play?id=3302&n=L2Zjcm9tL2R6bXgvVGVlbmFnZSBNdXRhbnQgTmluamEgVHVydGxlcyAoVSkgWyFdLm5lcw==&t=Gekikame Ninja Den',)"
"('激龟快打(忍者神龟格斗)欧版',)","('忍者神龟 忍者神龟 ',)",https://mrcuya.gitee.io/yikmresource/fcpic/2254a.png,"('https://www.yikm.net/play?id=3303&n=L2Zjcm9tL2R6bXgvVGVlbmFnZSBNdXRhbnQgSGVybyBUdXJ0bGVzIC0gVG91cm5hbWVudCBGaWdodGVycyAoRSkgWyFdLm5lcw==&t=激龟快打(忍者神龟格斗)欧版',)"
"('激龟快打(忍者神龟格斗)美版',)","('忍者神龟 忍者神龟 ',)",https://mrcuya.gitee.io/yikmresource/fcpic/2259a.png,"('https://www.yikm.net/play?id=3304&n=L2Zjcm9tL2R6bXgvVGVlbmFnZSBNdXRhbnQgTmluamEgVHVydGxlcyAtIFRvdXJuYW1lbnQgRmlnaHRlcnMgKFUpIFshXS5uZXM=&t=激龟快打(忍者神龟格斗)美版',)"
"('Battletoads Double Dragon(Europe)',)","('忍者蛙 忍者蛙 ',)",https://mrcuya.gitee.io/yikmresource/fcpic/1000a.png,"('https://www.yikm.net/play?id=3309&n=L2Zjcm9tL2R6bXgvQmF0dGxldG9hZHMgJiBEb3VibGUgRHJhZ29uIC0gVGhlIFVsdGltYXRlIFRlYW0gKEUpIFshXS5uZXM=&t=Battletoads Double Dragon(Europe)',)"
"('Battletoads Double Dragon(USA)',)","('忍者蛙 忍者蛙 ',)",https://mrcuya.gitee.io/yikmresource/fcpic/1000a.png,"('https://www.yikm.net/play?id=3310&n=L2Zjcm9tL2R6bXgvQmF0dGxldG9hZHMgJiBEb3VibGUgRHJhZ29uIC0gVGhlIFVsdGltYXRlIFRlYW0gKFUpIFshXS5uZXM=&t=Battletoads Double Dragon(USA)',)"
"('Saiyuuki World',)","('射击 射击 ',)",https://mrcuya.gitee.io/yikmresource/fcpic/sj/2045a.png,"('https://www.yikm.net/play?id=4087&n=L2Zjcm9tL3NqL1NvbiBTb24gKEopIFshXS5uZXM=&t=Saiyuuki World',)"
"('Mighty Final Fight',)","('动作冒险 动作冒险 ',)",https://mrcuya.gitee.io/yikmresource/fcpic/1455a.png,"('https://www.yikm.net/play?id=3321&n=L2Zjcm9tL2R6bXgvTWlnaHR5IEZpbmFsIEZpZ2h0IChKKSBbIV0ubmVz&t=Mighty Final Fight',)"
"('快打旋风-中文',)","('动作冒险 动作冒险 ',)",https://mrcuya.gitee.io/yikmresource/fcpic/1456a.png,"('https://www.yikm.net/play?id=3325&n=L2Zjcm9tL2R6bXgvTWlnaHR5IEZpbmFsIEZpZ2h0IChVKSBbVCtDaGldLm5lcw==&t=快打旋风-中文',)"
"('宇宙战将(最终幻想2) (C)',)","('中文 中文 ',)",https://mrcuya.gitee.io/yikmresource/fcpic/jsbyzw/FC_5132.gif,"('https://www.yikm.net/play?id=5132&n=L2Zjcm9tL2pzYnl6dy/lroflrpnmiJjlsIYo5pyA57uI5bm75oOzMikuTkVT&t=宇宙战将(最终幻想2) (C)&ac=3',)"
"('FINALF~1',)","('中文 中文 ',)",https://mrcuya.gitee.io/yikmresource/fcpic/jsbyzw/FC_5134.gif,"('https://www.yikm.net/play?id=5134&n=L2Zjcm9tL2pzYnl6dy9GaW5hbCBGYW50YXN5IChKKS5uZXM=&t=FINALF~1&ac=3',)"
"('最终幻想7(中文)',)","('中文 中文 ',)",https://mrcuya.gitee.io/yikmresource/fcpic/jsbyzw/FC_5151.gif,"('https://www.yikm.net/play?id=5151&n=L2Zjcm9tL2pzYnl6dy9bTkowNjNdIEZpbmFsIEZhbnRhc3kgVklJLk5FUw==&t=最终幻想7(中文)&ac=3',)"
"('最终幻想美版(太空战士美版)',)","('中文 中文 ',)",https://mrcuya.gitee.io/yikmresource/fcpic/jsbyzw/FC_5153.gif,"('https://www.yikm.net/play?id=5153&n=L2Zjcm9tL2pzYnl6dy9GRjFFLk5FUw==&t=最终幻想美版(太空战士美版)&ac=3',)"
"('格兰蒂亚 (C) (2)',)","('中文 中文 ',)",https://mrcuya.gitee.io/yikmresource/fcpic/jsbyzw/FC_5159.gif,"('https://www.yikm.net/play?id=5159&n=L2Zjcm9tL2pzYnl6dy9bRVMtMTA3OF0gR2UgTGFuIERpIFlhIChDKS5ORVM=&t=格兰蒂亚 (C) (2)&ac=3',)"
"('梦幻-香帅传奇之血海飘香中文(楚留香中文)',)","('中文 中文 ',)",https://mrcuya.gitee.io/yikmresource/fcpic/jsbyzw/FC_5161.gif,"('https://www.yikm.net/play?id=5161&n=L2Zjcm9tL2pzYnl6dy9NZW5nIEh1YW4gKEMpLk5FUw==&t=梦幻-香帅传奇之血海飘香中文(楚留香中文)&ac=3',)"
"('口袋宝石-蓝[南晶科技]',)","('中文 中文 ',)",https://mrcuya.gitee.io/yikmresource/fcpic/1000a.png,"('https://www.yikm.net/play?id=9262&n=L2Zjcm9tL2pzYnl6dy9rZGJzbC5ORVM=&t=口袋宝石-蓝[南晶科技]&ac=3',)"
"('水浒神兽(中文)',)","('中文 中文 ',)",https://mrcuya.gitee.io/yikmresource/fcpic/jsbyzw/FC_5172.gif,"('https://www.yikm.net/play?id=5172&n=L2Zjcm9tL2pzYnl6dy9TaHVpIEh1IFNoZW4gU2hvdSAoTkowMTkpIChDaCkubmVz&t=水浒神兽(中文)&ac=3',)"
"('混沌世界(中文)',)","('中文 中文 ',)",https://mrcuya.gitee.io/yikmresource/fcpic/jsbyzw/FC_5177.gif,"('https://www.yikm.net/play?id=5177&n=L2Zjcm9tL2pzYnl6dy/mt7fmsozkuJbnlYwubmVz&t=混沌世界(中文)&ac=3',)"
"('游戏王(中文)',)","('中文 中文 ',)",https://mrcuya.gitee.io/yikmresource/fcpic/jsbyzw/FC_5179.gif,"('https://www.yikm.net/play?id=5179&n=L2Zjcm9tL2pzYnl6dy9ZdS1HaS1PaCAoTkowMzIpIChDaCkgWyFdLm5lcw==&t=游戏王(中文)&ac=3',)"
"('火影忍者(中文)',)","('中文 中文 ',)",https://mrcuya.gitee.io/yikmresource/fcpic/jsbyzw/FC_5180.gif,"('https://www.yikm.net/play?id=5180&n=L2Zjcm9tL2pzYnl6dy9bTkowODFdIEh1byBZaW5nIFJlbiBaaGUgKEMpLk5FUw==&t=火影忍者(中文)&ac=3',)"
"('36计(中文)',)","('中文 中文 ',)",https://mrcuya.gitee.io/yikmresource/fcpic/jsbyzw/FC_4929.jpg,"('https://www.yikm.net/play?id=4929&n=L2Zjcm9tL2pzYnl6dy8zNkouTkVT&t=36计(中文)&ac=3',)"
"('七龙珠大冒险',)","('中文 中文 ',)",https://mrcuya.gitee.io/yikmresource/fcpic/jsbyzw/FC_4931.gif,"('https://www.yikm.net/play?id=4931&n=L2Zjcm9tL2pzYnl6dy9bTkowOTVdIFFpIExvbmcgWmh1IERhIE1hbyBYaWFuIChDKS5ORVM=&t=七龙珠大冒险&ac=3',)"
"('Resident Evil',)","('中文 中文 ',)",https://mrcuya.gitee.io/yikmresource/fcpic/jsbyzw/FC_5187.gif,"('https://www.yikm.net/play?id=5187&n=L2Zjcm9tL2pzYnl6dy/nlJ/ljJbljbHmnLoubmVz&t=Resident Evil&ac=3',)"
"('三侠五义 (C)(Byemu dump)',)","('中文 中文 ',)",https://mrcuya.gitee.io/yikmresource/fcpic/jsbyzw/FC_4932.gif,"('https://www.yikm.net/play?id=4932&n=L2Zjcm9tL2pzYnl6dy9bRVMtMTA3MV0g5LiJ5L6g5LqU5LmJIChDKS5ORVM=&t=三侠五义 (C)(Byemu dump)&ac=3',)"
"('真侍魂-武士道烈传(中文)',)","('中文 中文 ',)",https://mrcuya.gitee.io/yikmresource/fcpic/jsbyzw/FC_5190.gif,"('https://www.yikm.net/play?id=5190&n=L2Zjcm9tL2pzYnl6dy9zYW11cmFpX2lpX3JwZyhjKS5uZXM=&t=真侍魂-武士道烈传(中文)&ac=3',)"
"('Sanada Juu Yuushi',)","('中文 中文 ',)",https://mrcuya.gitee.io/yikmresource/fcpic/jsbyzw/FC_5193.png,"('https://www.yikm.net/play?id=5193&n=L2Zjcm9tL2pzYnl6dy9TYW5hZGEgSnV1IFl1dXNoaSAoRVMtMTEwMikoQ2gpLm5lcw==&t=Sanada Juu Yuushi&ac=3',)"
"('三国志-曹操传(中文)',)","('中文 中文 ',)",https://mrcuya.gitee.io/yikmresource/fcpic/jsbyzw/FC_4938.gif,"('https://www.yikm.net/play?id=4938&n=L2Zjcm9tL2pzYnl6dy9TYW4gR3VvIFpoaSAtIENhb0NhbyBaaHVhbiAoTkowMTgpIChDaCkubmVz&t=三国志-曹操传(中文)&ac=3',)"
"('笑傲江湖(中文)',)","('中文 中文 ',)",https://mrcuya.gitee.io/yikmresource/fcpic/jsbyzw/FC_5199.gif,"('https://www.yikm.net/play?id=5199&n=L2Zjcm9tL2pzYnl6dy9YQUpILm5lcw==&t=笑傲江湖(中文)&ac=3',)"
"('三国无双-猛将传(中文)',)","('中文 中文 ',)",https://mrcuya.gitee.io/yikmresource/fcpic/jsbyzw/FC_4952.gif,"('https://www.yikm.net/play?id=4952&n=L2Zjcm9tL2pzYnl6dy9TYW4gR3VvIFd1IFNodWFuZyAtIE1lbmcgSmlhbmcgWmh1YW4gKEMpLk5FUw==&t=三国无双-猛将传(中文)&ac=3',)"
"('英烈群侠传(中文)',)","('中文 中文 ',)",https://mrcuya.gitee.io/yikmresource/fcpic/jsbyzw/FC_5208.gif,"('https://www.yikm.net/play?id=5208&n=L2Zjcm9tL2pzYnl6dy95bHF4ei5uZXM=&t=英烈群侠传(中文)&ac=3',)"
"('Gen Ke Le Zhuan',)","('中文 中文 ',)",https://mrcuya.gitee.io/yikmresource/fcpic/jsbyzw/FC_5214.gif,"('https://www.yikm.net/play?id=5214&n=L2Zjcm9tL2pzYnl6dy9HZW4gS2UgTGUgWmh1YW4gKEMpLm5lcw==&t=Gen Ke Le Zhuan&ac=3',)"
"('葫芦金刚(中文)',)","('中文 中文 ',)",https://mrcuya.gitee.io/yikmresource/fcpic/jsbyzw/FC_5216.gif,"('https://www.yikm.net/play?id=5216&n=L2Zjcm9tL2pzYnl6dy9IdSBMdSBKaW4gR2FuZyAoTkowMzkpIChDaCkgWyFdLm5lcw==&t=葫芦金刚(中文)&ac=3',)"
"('吞食天地2-无双大蛇之三国大乱斗',)","('中文 中文 ',)",https://mrcuya.gitee.io/yikmresource/fcpic/jsbyzw/FC_4962.gif,"('https://www.yikm.net/play?id=4962&n=L2Zjcm9tL2pzYnl6dy/ml6Dlj4zlpKfom4fkuYvkuInlm73lpKfkubHmlpcubmVz&t=吞食天地2-无双大蛇之三国大乱斗&ac=3',)"
"('里见八犬传中文(无尽的任务中文)',)","('中文 中文 ',)",https://mrcuya.gitee.io/yikmresource/fcpic/jsbyzw/FC_5227.gif,"('https://www.yikm.net/play?id=5227&n=L2Zjcm9tL2pzYnl6dy9ldmVycXVlc3QoQykubmVz&t=里见八犬传中文(无尽的任务中文)&ac=3',)"
"('东方的传说之封印岛(中文)',)","('中文 中文 ',)",https://mrcuya.gitee.io/yikmresource/fcpic/jsbyzw/FC_4972.gif,"('https://www.yikm.net/play?id=4972&n=L2Zjcm9tL2pzYnl6dy9bTkowNzJdIEZlbmcgWWluIERhby5ORVM=&t=东方的传说之封印岛(中文)&ac=3',)"
"('Metal Max',)","('中文 中文 ',)",https://mrcuya.gitee.io/yikmresource/fcpic/jsbyzw/FC_5232.gif,"('https://www.yikm.net/play?id=5232&n=L2Zjcm9tL2pzYnl6dy9NZXRhbCBNYXgubmVz&t=Metal Max&ac=3',)"
"('仙剑奇侠传',)","('中文 中文 ',)",https://mrcuya.gitee.io/yikmresource/fcpic/jsbyzw/FC_4977.gif,"('https://www.yikm.net/play?id=4977&n=L2Zjcm9tL2pzYnl6dy9wYWxfSS5uZXM=&t=仙剑奇侠传&ac=3',)"
"('侠客情--荆轲刺秦王(中文)',)","('中文 中文 ',)",https://mrcuya.gitee.io/yikmresource/fcpic/jsbyzw/FC_4979.gif,"('https://www.yikm.net/play?id=4979&n=L2Zjcm9tL2pzYnl6dy/kvqDlrqLmg4Ut6I2G6L2y5Yi656em546LLm5lcw==&t=侠客情--荆轲刺秦王(中文)&ac=3',)"
"('Dragon Warrion 2',)","('中文 中文 ',)",https://mrcuya.gitee.io/yikmresource/fcpic/jsbyzw/FC_4985.gif,"('https://www.yikm.net/play?id=4985&n=L2Zjcm9tL2pzYnl6dy9EUTJDLk5FUw==&t=Dragon Warrion 2&ac=3',)"
"('Yong Ze Do Re Long 6',)","('中文 中文 ',)",https://mrcuya.gitee.io/yikmresource/fcpic/jsbyzw/FC_4987.gif,"('https://www.yikm.net/play?id=4987&n=L2Zjcm9tL2pzYnl6dy9Zb25nIFplIERvIFJlIExvbmcgNiAoQykubmVz&t=Yong Ze Do Re Long 6&ac=3',)"
"('Dragon Quest 4',)","('中文 中文 ',)",https://mrcuya.gitee.io/yikmresource/fcpic/jsbyzw/FC_4990.gif,"('https://www.yikm.net/play?id=4990&n=L2Zjcm9tL2pzYnl6dy9EUTRDLk5FUw==&t=Dragon Quest 4&ac=3',)"
"('勇者斗恶龙8(中文)',)","('中文 中文 ',)",https://mrcuya.gitee.io/yikmresource/fcpic/jsbyzw/FC_4997.gif,"('https://www.yikm.net/play?id=4997&n=L2Zjcm9tL2pzYnl6dy9EcmFnb24gUXVlc3QgVklJSSAoQylbIV0ubmVz&t=勇者斗恶龙8(中文)&ac=3',)"
"('口袋妖怪-红(中文)',)","('中文 中文 ',)",https://mrcuya.gitee.io/yikmresource/fcpic/jsbyzw/FC_5004.gif,"('https://www.yikm.net/play?id=5004&n=L2Zjcm9tL2pzYnl6dy9Qb2NrTW9uUmVkKEMpLm5lcw==&t=口袋妖怪-红(中文)&ac=3',)"
"('口袋妖怪-金',)","('中文 中文 ',)",https://mrcuya.gitee.io/yikmresource/fcpic/jsbyzw/FC_5005.gif,"('https://www.yikm.net/play?id=5005&n=L2Zjcm9tL2pzYnl6dy/lj6PooovlppbmgKrph5EubmVz&t=口袋妖怪-金&ac=3',)"
"('金庸群侠传-书剑江山(中文)',)","('中文 中文 ',)",https://mrcuya.gitee.io/yikmresource/fcpic/jsbyzw/FC_5261.png,"('https://www.yikm.net/play?id=5261&n=L2Zjcm9tL2pzYnl6dy9KaW4gWW9uZyBRdW4gWGlhIFpodWFuIC0gU2h1IEppYW4gSmlhbmcgU2hhbiAoTkowMzEpIChDaCkubmVz&t=金庸群侠传-书剑江山(中文)&ac=3',)"
"('口袋精灵-水晶(中文)',)","('中文 中文 ',)",https://mrcuya.gitee.io/yikmresource/fcpic/jsbyzw/FC_5008.gif,"('https://www.yikm.net/play?id=5008&n=L2Zjcm9tL2pzYnl6dy9Lb3UgRGFpIFlhbyBHdWFpIC0gU2h1aSBKaW5nIEJhbiAoQykuTkVT&t=口袋精灵-水晶(中文)&ac=3',)"
"('雷电皇-比卡丘传说(中文)',)","('中文 中文 ',)",https://mrcuya.gitee.io/yikmresource/fcpic/jsbyzw/FC_5012.gif,"('https://www.yikm.net/play?id=5012&n=L2Zjcm9tL2pzYnl6dy9MZWkgRGlhbiBIdWFuZyBCaSBLYSBRaXUgQ2h1YW4gU2h1byAoTkowNDYpIChDaCkgWyFdLm5lcw==&t=雷电皇-比卡丘传说(中文)&ac=3',)"
"('魔域英雄传(中文)',)","('中文 中文 ',)",https://mrcuya.gitee.io/yikmresource/fcpic/jsbyzw/FC_5271.gif,"('https://www.yikm.net/play?id=5271&n=L2Zjcm9tL2pzYnl6dy9oZXJvX29uX2RldmlsX2xhbmRzKEMpLm5lcw==&t=魔域英雄传(中文)&ac=3',)"
"('Destiny of an Emperor(USA)',)","('中文 中文 ',)",https://mrcuya.gitee.io/yikmresource/fcpic/jsbyzw/FC_5016.gif,"('https://www.yikm.net/play?id=5016&n=L2Zjcm9tL2pzYnl6dy9aWlpfVU5LX2Rlc3Rpbnlfb2ZfYW5fZW1wZXJvciAoMjYyMjg5KS5uZXM=&t=Destiny of an Emperor(USA)&ac=3',)"
"('魔界塔士(中文)',)","('中文 中文 ',)",https://mrcuya.gitee.io/yikmresource/fcpic/jsbyzw/FC_5274.gif,"('https://www.yikm.net/play?id=5274&n=L2Zjcm9tL2pzYnl6dy9NbyBKaWUgVGEgU2hpIChDKS5ORVM=&t=魔界塔士(中文)&ac=3',)"
"('moshenfashicn',)","('中文 中文 ',)",https://mrcuya.gitee.io/yikmresource/fcpic/jsbyzw/FC_5276.gif,"('https://www.yikm.net/play?id=5276&n=L2Zjcm9tL2pzYnl6dy9tb3NoZW5mYXNoaWNuLm5lcw==&t=moshenfashicn&ac=3',)"
"('黄金的太阳(中文)',)","('中文 中文 ',)",https://mrcuya.gitee.io/yikmresource/fcpic/jsbyzw/FC_5280.gif,"('https://www.yikm.net/play?id=5280&n=L2Zjcm9tL2pzYnl6dy/pu4Tph5HnmoTlpKrpmLMubmVz&t=黄金的太阳(中文)&ac=3',)"
"('Dragon Ball Z 2 - Gekishin Freeza!',)","('中文 中文 ',)",https://mrcuya.gitee.io/yikmresource/fcpic/jsbyzw/FC_5284.gif,"('https://www.yikm.net/play?id=5284&n=L2Zjcm9tL2pzYnl6dy9EcmFnb24gQmFsbCBaIDIgLSBHZWtpc2hpbiBGcmVlemEhIChDKS5uZXM=&t=Dragon Ball Z 2 - Gekishin Freeza!&ac=3',)"
"('Dragon Ball Z Gaiden - Saiya Jin Zetsumetsu Keikaku',)","('中文 中文 ',)",https://mrcuya.gitee.io/yikmresource/fcpic/jsbyzw/FC_5285.gif,"('https://www.yikm.net/play?id=5285&n=L2Zjcm9tL2pzYnl6dy9EcmFnb24gQmFsbCBaIEdhaWRlbiAtIFNhaXlhIEppbiBaZXRzdW1ldHN1IEtlaWtha3UgKEMpLm5lcw==&t=Dragon Ball Z Gaiden - Saiya Jin Zetsumetsu Keikaku&ac=3',)"
"('tstd2c',)","('中文 中文 ',)",https://mrcuya.gitee.io/yikmresource/fcpic/jsbyzw/FC_5053.gif,"('https://www.yikm.net/play?id=5053&n=L2Zjcm9tL2pzYnl6dy90c3RkMi16Z2ttLm5lcw==&t=tstd2c',)"
"('哪吒传奇(中文)',)","('中文 中文 ',)",https://mrcuya.gitee.io/yikmresource/fcpic/jsbyzw/FC_5063.gif,"('https://www.yikm.net/play?id=5063&n=L2Zjcm9tL2pzYnl6dy9OZSBaaGEgQ2h1YW4gUWkgKE5KMDM2KSAoQ2gpIFshXS5uZXM=&t=哪吒传奇(中文)&ac=3',)"
"('唐伯虎点秋香(中文)',)","('中文 中文 ',)",https://mrcuya.gitee.io/yikmresource/fcpic/jsbyzw/FC_5064.gif,"('https://www.yikm.net/play?id=5064&n=L2Zjcm9tL2pzYnl6dy9bTkowNjldIFRhbmcgQm8gSHUgRGlhbiBRaXUgWGlhbmcuTkVT&t=唐伯虎点秋香(中文)&ac=3',)"
"('Cadillacs and Dinosaurs (World 930201)',)","('冒险 冒险 ',)",https://mrcuya.gitee.io/yikmresource/arcadepic/dino.png,"('https://www.yikm.net/play?id=5334&n=ZGluby56aXA=&t=Cadillacs and Dinosaurs (World 930201)&ac=4&l=capcom-cps-1',)"
"('幻世录(中文)',)","('中文 中文 ',)",https://mrcuya.gitee.io/yikmresource/fcpic/jsbyzw/FC_5104.gif,"('https://www.yikm.net/play?id=5104&n=L2Zjcm9tL2pzYnl6dy9IdWFuIFNoaSBMdSAoTkowMzQpIChDaCkgWyFdLm5lcw==&t=幻世录(中文)&ac=3',)"
"('数码暴龙水晶版(中文)',)","('中文 中文 ',)",https://mrcuya.gitee.io/yikmresource/fcpic/jsbyzw/FC_5119.gif,"('https://www.yikm.net/play?id=5119&n=L2Zjcm9tL2pzYnl6dy9kaWdpdGFsX2RyYWdvbihDKS5uZXM=&t=数码暴龙水晶版(中文)&ac=3',)"
"('Kaiketsu Yanchamaru 2 - Karakuri Land',)","('动作冒险 动作冒险 ',)",https://mrcuya.gitee.io/yikmresource/fcpic/1000a.png,"('https://www.yikm.net/play?id=3328&n=L2Zjcm9tL2R6bXgvS2Fpa2V0c3UgWWFuY2hhbWFydSAyIC0gS2FyYWt1cmkgTGFuZCAoSikubmVz&t=Kaiketsu Yanchamaru 2 - Karakuri Land',)"
"('Dragon Power(Japan)',)","('动作冒险 动作冒险 ',)",https://mrcuya.gitee.io/yikmresource/fcpic/588a.png,"('https://www.yikm.net/play?id=3584&n=L2Zjcm9tL2R6bXgvRHJhZ29uIEJhbGwgLSBTaGVuIExvbmcgbm8gTmF6byAoSikubmVz&t=Dragon Power(Japan)',)"
"('Super Spy Hunter(USA)',)","('射击 射击 ',)",https://mrcuya.gitee.io/yikmresource/fcpic/sj/2180a.png,"('https://www.yikm.net/play?id=4096&n=L2Zjcm9tL3NqL1N1cGVyIFNweSBIdW50ZXIgKFUpIFshXS5uZXM=&t=Super Spy Hunter(USA)',)"
"('战舰(美版)',)","('小游戏 小游戏 ',)",https://mrcuya.gitee.io/yikmresource/fcpic/xyx/223a.png,"('https://www.yikm.net/play?id=4352&n=L2Zjcm9tL3h5eC9CYXR0bGVzaGlwIChVKSBbIV0ubmVz&t=战舰(美版)',)"
"('迈克・泰森拳击(日版)',)","('拳击 拳击 ',)",https://mrcuya.gitee.io/yikmresource/fcpic/ydbs/1737a.png,"('https://www.yikm.net/play?id=4608&n=L2Zjcm9tL3lkYnMvUHVuY2gtT3V0ISEgKEopLm5lcw==&t=迈克・泰森拳击(日版)',)"
"('狂热美式足球大赛(美版)',)","('足球 足球 ',)",https://mrcuya.gitee.io/yikmresource/fcpic/ydbs/2352a.png,"('https://www.yikm.net/play?id=4864&n=L2Zjcm9tL3lkYnMvVG91Y2ggRG93biBGZXZlciAoVSkgWyFdLm5lcw==&t=狂热美式足球大赛(美版)',)"
"('新包青天Ⅱ (C)(WXN解密版)',)","('中文 中文 ',)",https://mrcuya.gitee.io/yikmresource/fcpic/1000a.png,"('https://www.yikm.net/play?id=5120&n=L2Zjcm9tL2pzYnl6dy9JbXBhcnRpYWwgSnVkZ2UgKFVubCkubmVz&t=新包青天Ⅱ (C)(WXN解密版)&ac=3',)"
"('龙战士',)","('动作冒险 动作冒险 ',)",https://mrcuya.gitee.io/yikmresource/fcpic/1000a.png,"('https://www.yikm.net/play?id=6144&n=L2diYXJvbS8wMDYwLnppcA==&t=Breath of Fire - Ryuu no Senshi&ac=5&p=',)"
"('史前之岛',)","('GBA GBA ',)",https://mrcuya.gitee.io/yikmresource/fcpic/1000a.png,"('https://www.yikm.net/play?id=6400&n=L2diYXJvbS8wMzIyLnppcA==&t=Land Before Time, The&ac=5&p=',)"
"('老虎伍兹高尔夫',)","('高尔夫 高尔夫 ',)",https://mrcuya.gitee.io/yikmresource/gbapic/0586.jpg,"('https://www.yikm.net/play?id=6656&n=L2diYXJvbS8wNTg2LnppcA==&t=Tiger Woods PGA Tour Golf&ac=5&p=/gbapic/0586.jpg',)"
"('小小克星巨人',)","('GBA GBA ',)",https://mrcuya.gitee.io/yikmresource/fcpic/1000a.png,"('https://www.yikm.net/play?id=6912&n=L2diYXJvbS8wODUyLnppcA==&t=Little Buster Q&ac=5&p=',)"
"('名侦探柯楠-被阻击的名侦探',)","('GBA GBA ',)",https://mrcuya.gitee.io/yikmresource/fcpic/1000a.png,"('https://www.yikm.net/play?id=7168&n=L2diYXJvbS8xMTE5LnppcA==&t=Meitantei Conan - Nerawareta Tantei&ac=5&p=',)"
"('玛亚历险记-迷失的探险队',)","('GBA GBA ',)",https://mrcuya.gitee.io/yikmresource/fcpic/1000a.png,"('https://www.yikm.net/play?id=7424&n=L2diYXJvbS8xMzk1LnppcA==&t=Pitfall - The Lost Expedition&ac=5&p=',)"
"('GBA电影-口袋妖怪第4卷',)","('GBA GBA ',)",https://mrcuya.gitee.io/yikmresource/fcpic/1000a.png,"('https://www.yikm.net/play?id=7680&n=L2diYXJvbS8xNjg0LnppcA==&t=Game Boy Advance Video - Pokemon - Volume 4&ac=5&p=',)"
"('乐高星球大战',)","('GBA GBA ',)",https://mrcuya.gitee.io/yikmresource/fcpic/1000a.png,"('https://www.yikm.net/play?id=7936&n=L2diYXJvbS8xOTUzLnppcA==&t=LEGO Star Wars - The Video Game&ac=5&p=',)"
"('金手指工具',)","('GBA GBA ',)",https://mrcuya.gitee.io/yikmresource/fcpic/1000a.png,"('https://www.yikm.net/play?id=8192&n=L2diYXJvbS8yMjMyLnppcA==&t=Action Replay Max&ac=5&p=',)"
"('任天狗补充包',)","('GBA GBA ',)",https://mrcuya.gitee.io/yikmresource/fcpic/1000a.png,"('https://www.yikm.net/play?id=8448&n=L2diYXJvbS8yNTA1LnppcA==&t=2 Dog Trainer 2&ac=5&p=',)"
"('二合一游戏',)","('GBA GBA ',)",https://mrcuya.gitee.io/yikmresource/fcpic/1000a.png,"('https://www.yikm.net/play?id=8704&n=L2diYXJvbS8yNzYzLnppcA==&t=Pony马儿&ac=5&p=',)"
"('Kaiketsu Yanchamaru 3 - Taiketsu! Zouringen',)","('动作冒险 动作冒险 ',)",https://mrcuya.gitee.io/yikmresource/fcpic/1000a.png,"('https://www.yikm.net/play?id=3329&n=L2Zjcm9tL2R6bXgvS2Fpa2V0c3UgWWFuY2hhbWFydSAzIC0gVGFpa2V0c3UhIFpvdXJpbmdlbiAoSikubmVz&t=Kaiketsu Yanchamaru 3 - Taiketsu! Zouringen',)"
"('Dragon Power(USA)',)","('动作冒险 动作冒险 ',)",https://mrcuya.gitee.io/yikmresource/fcpic/600a.png,"('https://www.yikm.net/play?id=3585&n=L2Zjcm9tL2R6bXgvRHJhZ29uIFBvd2VyIChVKSBbIV0ubmVz&t=Dragon Power(USA)',)"
"('BREAKTHR',)","('射击 射击 ',)",https://mrcuya.gitee.io/yikmresource/fcpic/sj/301a.png,"('https://www.yikm.net/play?id=4097&n=L2Zjcm9tL3NqL0JyZWFrVGhydSAoVSkgWyFdLm5lcw==&t=BREAKTHR',)"
"('Solomon no Kagi(Japan)',)","('所罗门之匙 所罗门之匙 ',)",https://mrcuya.gitee.io/yikmresource/fcpic/xyx/2035a.png,"('https://www.yikm.net/play?id=4353&n=L2Zjcm9tL3h5eC9Tb2xvbW9uIG5vIEthZ2kgKEopLm5lcw==&t=Solomon no Kagi(Japan)',)"
"('迈克・泰森拳击(美版)',)","('拳击 拳击 ',)",https://mrcuya.gitee.io/yikmresource/fcpic/1000a.png,"('https://www.yikm.net/play?id=4609&n=L2Zjcm9tL3lkYnMvTWlrZSBUeXNvbidzIFB1bmNoLU91dCEhIChVKSAoUFJHMCkgWyFdLm5lcw==&t=迈克・泰森拳击(美版)',)"
"('疯狂美式足球',)","('足球 足球 ',)",https://mrcuya.gitee.io/yikmresource/fcpic/ydbs/1757a.png,"('https://www.yikm.net/play?id=4865&n=L2Zjcm9tL3lkYnMvUXVhcnRlciBCYWNrIFNjcmFtYmxlIChKKS5uZXM=&t=疯狂美式足球',)"
"('时空之轮(中文)',)","('中文 中文 ',)",https://mrcuya.gitee.io/yikmresource/fcpic/1000a.png,"('https://www.yikm.net/play?id=5121&n=L2Zjcm9tL2pzYnl6dy9TaGkgS29uZyBaaGkgTHVuIChDKS5ORVM=&t=时空之轮(中文)&ac=3',)"
"('游戏王5-双重恶魔',)","('动作冒险 动作冒险 ',)",https://mrcuya.gitee.io/yikmresource/fcpic/1000a.png,"('https://www.yikm.net/play?id=6145&n=L2diYXJvbS8wMDYxLnppcA==&t=Yu-Gi-Oh! Duel Monsters 5 Expert 1&ac=5&p=',)"
"('麦克・泰森拳击',)","('格斗 格斗 ',)",https://mrcuya.gitee.io/yikmresource/gbapic/0323.jpg,"('https://www.yikm.net/play?id=6401&n=L2diYXJvbS8wMzIzLnppcA==&t=Mike Tyson Boxing&ac=5&p=/gbapic/0323.jpg',)"
"('速度橄榄球2',)","('GBA GBA ',)",https://mrcuya.gitee.io/yikmresource/fcpic/1000a.png,"('https://www.yikm.net/play?id=6657&n=L2diYXJvbS8wNTg3LnppcA==&t=Speedball 2 - Brutal Deluxe&ac=5&p=',)"
"('微型小小赛车',)","('微型机器 微型机器 ',)",https://mrcuya.gitee.io/yikmresource/gbapic/0853.jpg,"('https://www.yikm.net/play?id=6913&n=L2diYXJvbS8wODUzLnppcA==&t=Micro Machines&ac=5&p=/gbapic/0853.jpg',)"
"('超级机器人大战D',)","('GBA GBA ',)",https://mrcuya.gitee.io/yikmresource/fcpic/1000a.png,"('https://www.yikm.net/play?id=7169&n=L2diYXJvbS8xMTIwLnppcA==&t=Super Robot Taisen D&ac=5&p=',)"
"('海底总动员',)","('动作 动作 ',)",https://mrcuya.gitee.io/yikmresource/gbapic/1396.jpg,"('https://www.yikm.net/play?id=7425&n=L2diYXJvbS8xMzk2LnppcA==&t=Finding Nemo&ac=5&p=/gbapic/1396.jpg',)"
"('口袋妖怪-火红',)","('GBA GBA ',)",https://mrcuya.gitee.io/yikmresource/fcpic/1000a.png,"('https://www.yikm.net/play?id=7681&n=L2diYXJvbS8xNjg1LnppcA==&t=Pokemon - Versione Rosso Fuoco&ac=5&p=',)"
"('鲨鱼故事',)","('动漫 动漫 ',)",https://mrcuya.gitee.io/yikmresource/gbapic/1954.jpg,"('https://www.yikm.net/play?id=7937&n=L2diYXJvbS8xOTU0LnppcA==&t=Shark Tale&ac=5&p=/gbapic/1954.jpg',)"
"('金刚',)","('GBA GBA ',)",https://mrcuya.gitee.io/yikmresource/fcpic/1000a.png,"('https://www.yikm.net/play?id=8193&n=L2diYXJvbS8yMjMzLnppcA==&t=King Kong - The Official Game of the Movie&ac=5&p=',)"
"('马场生活',)","('GBA GBA ',)",https://mrcuya.gitee.io/yikmresource/fcpic/1000a.png,"('https://www.yikm.net/play?id=8449&n=L2diYXJvbS8yNTA2LnppcA==&t=Horse And Pony - My Stud Farm&ac=5&p=',)"
"('料理鼠王',)","('GBA GBA ',)",https://mrcuya.gitee.io/yikmresource/fcpic/1000a.png,"('https://www.yikm.net/play?id=8705&n=L2diYXJvbS8yNzY0LnppcA==&t=&ac=5&p=',)"
"('怪物聚会',)","('动作冒险 动作冒险 ',)",https://mrcuya.gitee.io/yikmresource/fcpic/1512a.png,"('https://www.yikm.net/play?id=3330&n=L2Zjcm9tL2R6bXgvTW9uc3RlciBQYXJ0eSAoVSkgWyFdLm5lcw==&t=怪物聚会',)"
"('迅雷行动(雷霆任务)',)","('射击 射击 ',)",https://mrcuya.gitee.io/yikmresource/fcpic/sj/1860a.png,"('https://www.yikm.net/play?id=4098&n=L2Zjcm9tL3NqL1JvbGxpbmcgVGh1bmRlciAoSikgWyFdLm5lcw==&t=迅雷行动(雷霆任务)',)"
"('Solomon no Kagi(Europe)',)","('所罗门之匙 所罗门之匙 ',)",https://mrcuya.gitee.io/yikmresource/fcpic/xyx/2037a.png,"('https://www.yikm.net/play?id=4354&n=L2Zjcm9tL3h5eC9Tb2xvbW9uJ3MgS2V5IChFKSBbIV0ubmVz&t=Solomon no Kagi(Europe)',)"
"('全美沙滩排球锦标赛(日版)',)","('排球 排球 ',)",https://mrcuya.gitee.io/yikmresource/fcpic/1000a.png,"('https://www.yikm.net/play?id=4610&n=L2Zjcm9tL3lkYnMvVVMgQ2hhbXBpb25zaGlwIFYnQmFsbCAoSikubmVz&t=全美沙滩排球锦标赛(日版)',)"
"('胜利杯足球赛',)","('足球 足球 ',)",https://mrcuya.gitee.io/yikmresource/fcpic/ydbs/2030a.png,"('https://www.yikm.net/play?id=4866&n=L2Zjcm9tL3lkYnMvU29jY2VyIExlYWd1ZSAtIFdpbm5lcidzIEN1cCAoSikubmVz&t=胜利杯足球赛',)"
"('星之海洋2',)","('中文 中文 ',)",https://mrcuya.gitee.io/yikmresource/fcpic/1000a.png,"('https://www.yikm.net/play?id=5122&n=L2Zjcm9tL2pzYnl6dy9TVEFSVFJPMi5ORVM=&t=星之海洋2&ac=3',)"
"('街霸II',)","('格斗 格斗 ',)",https://mrcuya.gitee.io/yikmresource/fcpic/1000a.png,"('https://www.yikm.net/play?id=6146&n=L2diYXJvbS8wMDYyLnppcA==&t=X复苏 Super Street Fighter II X - Revival&ac=5&p=',)"
"('神探佳杰特-高级任务',)","('检查器小工具 检查器小工具 ',)",https://mrcuya.gitee.io/yikmresource/gbapic/0324.jpg,"('https://www.yikm.net/play?id=6402&n=L2diYXJvbS8wMzI0LnppcA==&t=Inspector Gadget - Advance Mission&ac=5&p=/gbapic/0324.jpg',)"
"('洛克人ZERO1',)","(' Mega Man  Mega Man ',)",https://mrcuya.gitee.io/yikmresource/gbapic/0588.jpg,"('https://www.yikm.net/play?id=6658&n=L2diYXJvbS8wNTg4LnppcA==&t=Megaman Zero&ac=5&p=/gbapic/0588.jpg',)"
"('数码宝贝-斗魂传说',)","('GBA GBA ',)",https://mrcuya.gitee.io/yikmresource/fcpic/1000a.png,"('https://www.yikm.net/play?id=6914&n=L2diYXJvbS8wODU0LnppcA==&t=Digimon - Battle Spirit&ac=5&p=',)"
"('洛克人EXE战斗芯片锦标赛',)","('GBA GBA ',)",https://mrcuya.gitee.io/yikmresource/fcpic/1000a.png,"('https://www.yikm.net/play?id=7170&n=L2diYXJvbS8xMTIxLnppcA==&t=Rockman EXE Battle Chip GP&ac=5&p=',)"
"('学院战记无量',)","('GBA GBA ',)",https://mrcuya.gitee.io/yikmresource/fcpic/1000a.png,"('https://www.yikm.net/play?id=7426&n=L2diYXJvbS8xMzk3LnppcA==&t=Gakuen Senki Muryou&ac=5&p=',)"
"('口袋妖怪-绿叶',)","('GBA GBA ',)",https://mrcuya.gitee.io/yikmresource/fcpic/1000a.png,"('https://www.yikm.net/play?id=7682&n=L2diYXJvbS8xNjg2LnppcA==&t=Pokemon - Versione Verde Foglia&ac=5&p=',)"
"('游戏2合1-迪斯尼公主和平民天后',)","('GBA GBA ',)",https://mrcuya.gitee.io/yikmresource/fcpic/1000a.png,"('https://www.yikm.net/play?id=7938&n=L2diYXJvbS8xOTU1LnppcA==&t=2 Games in 1 - Disney Princess + Lizzie McGuire&ac=5&p=',)"
"('福特赛车3',)","('驾驶 驾驶 ',)",https://mrcuya.gitee.io/yikmresource/gbapic/2234.jpg,"('https://www.yikm.net/play?id=8194&n=L2diYXJvbS8yMjM0LnppcA==&t=Ford Racing 3&ac=5&p=/gbapic/2234.jpg',)"
"('B',)","('GBA GBA ',)",https://mrcuya.gitee.io/yikmresource/fcpic/1000a.png,"('https://www.yikm.net/play?id=8450&n=L2diYXJvbS8yNTA3LnppcA==&t=- 传说!战斗比达人炎魂! Battle B-Daman - Fire Spirits!&ac=5&p=',)"
"('小神游-极速F-ZERO未来赛车',)","('GBA GBA ',)",https://mrcuya.gitee.io/yikmresource/fcpic/1000a.png,"('https://www.yikm.net/play?id=8706&n=L2diYXJvbS8yNzY1LnppcA==&t=&ac=5&p=',)"
"('DARKWING(Europe)',)","('动作冒险 动作冒险 ',)",https://mrcuya.gitee.io/yikmresource/fcpic/482a.png,"('https://www.yikm.net/play?id=3331&n=L2Zjcm9tL2R6bXgvRGFya3dpbmcgRHVjayAoRSkgWyFdLm5lcw==&t=DARKWING(Europe)',)"
"('1942',)","('飞行射击 飞行射击 ',)",https://mrcuya.gitee.io/yikmresource/fcpic/5a.png,"('https://www.yikm.net/play?id=3587&n=L2Zjcm9tL2Z4c2ovMTk0MiAoSlUpIFshXS5uZXM=&t=1942',)"
"('迅雷行动(雷霆任务)【天正】',)","('射击 射击 ',)",https://mrcuya.gitee.io/yikmresource/fcpic/sj/1860a.png,"('https://www.yikm.net/play?id=4099&n=L2Zjcm9tL3NqL1JvbGxpbmcgVGh1bmRlciAoVGVuZ2VuKSBbIV0ubmVz&t=迅雷行动(雷霆任务)【天正】',)"
"('Solomon no Kagi(USA)',)","('所罗门之匙 所罗门之匙 ',)",https://mrcuya.gitee.io/yikmresource/fcpic/xyx/2038a.png,"('https://www.yikm.net/play?id=4355&n=L2Zjcm9tL3h5eC9Tb2xvbW9uJ3MgS2V5IChVKSBbIV0ubmVz&t=Solomon no Kagi(USA)',)"
"('全美沙滩排球锦标赛(美版)',)","('排球 排球 ',)",https://mrcuya.gitee.io/yikmresource/fcpic/ydbs/2173a.png,"('https://www.yikm.net/play?id=4611&n=L2Zjcm9tL3lkYnMvU3VwZXIgU3Bpa2UgVidCYWxsIChVKSBbIV0ubmVz&t=全美沙滩排球锦标赛(美版)',)"
"('超强四分卫',)","('足球 足球 ',)",https://mrcuya.gitee.io/yikmresource/fcpic/ydbs/1110a.png,"('https://www.yikm.net/play?id=4867&n=L2Zjcm9tL3lkYnMvSm9obiBFbHdheSdzIFF1YXJ0ZXJiYWNrIChVKSBbIV0ubmVz&t=超强四分卫',)"
"('星战情缘(中文)',)","('中文 中文 ',)",https://mrcuya.gitee.io/yikmresource/fcpic/1000a.png,"('https://www.yikm.net/play?id=5123&n=L2Zjcm9tL2pzYnl6dy9YaW5nIFpoYW4gUWluZyBZdWFuIChDKS5ORVM=&t=星战情缘(中文)&ac=3',)"
"('麻雀刑事',)","('GBA GBA ',)",https://mrcuya.gitee.io/yikmresource/fcpic/1000a.png,"('https://www.yikm.net/play?id=6147&n=L2diYXJvbS8wMDYzLnppcA==&t=Mahjong Keiji&ac=5&p=',)"
"('银河战机',)","('GBA GBA ',)",https://mrcuya.gitee.io/yikmresource/fcpic/1000a.png,"('https://www.yikm.net/play?id=6403&n=L2diYXJvbS8wMzI1LnppcA==&t=Phalanx - The Enforce Fighter A-144&ac=5&p=',)"
"('漫画地带',)","('战斗 战斗 ',)",https://mrcuya.gitee.io/yikmresource/gbapic/0589.png,"('https://www.yikm.net/play?id=6659&n=L2diYXJvbS8wNTg5LnppcA==&t=Comix Zone&ac=5&p=/gbapic/0589.png',)"
"('终极杀阵车3',)","('驾驶 驾驶 ',)",https://mrcuya.gitee.io/yikmresource/gbapic/0855.png,"('https://www.yikm.net/play?id=6915&n=L2diYXJvbS8wODU1LnppcA==&t=Taxi 3&ac=5&p=/gbapic/0855.png',)"
"('世界顶级拉力车实况赛',)","(' Top Gear  Top Gear ',)",https://mrcuya.gitee.io/yikmresource/gbapic/1122.jpg,"('https://www.yikm.net/play?id=7171&n=L2diYXJvbS8xMTIyLnppcA==&t=Top Gear Rally&ac=5&p=/gbapic/1122.jpg',)"
"('琴音笛声-格兰蒂的复仇',)","('GBA GBA ',)",https://mrcuya.gitee.io/yikmresource/fcpic/1000a.png,"('https://www.yikm.net/play?id=7427&n=L2diYXJvbS8xMzk4LnppcA==&t=Banjo-Kazooie - La vendetta di Grunty&ac=5&p=',)"
"('GBA电影-尼克卡通珍藏电影第2卷',)","('GBA GBA ',)",https://mrcuya.gitee.io/yikmresource/fcpic/1000a.png,"(""https://www.yikm.net/play?id=7683&n=L2diYXJvbS8xNjg3LnppcA==&t=Game Boy Advance Video - Nicktoon's Collection - Volume 2&ac=5&p="",)"
"('三维台球杀手',)","(' 3D  3D ',)",https://mrcuya.gitee.io/yikmresource/gbapic/1957.jpg,"('https://www.yikm.net/play?id=7939&n=L2diYXJvbS8xOTU3LnppcA==&t=Killer 3D Pool&ac=5&p=/gbapic/1957.jpg',)"
"('托尼霍克美式滑板',)","('模拟 模拟 ',)",https://mrcuya.gitee.io/yikmresource/gbapic/2235.jpg,"(""https://www.yikm.net/play?id=8195&n=L2diYXJvbS8yMjM1LnppcA==&t=Tony Hawk's American Sk8land&ac=5&p=/gbapic/2235.jpg"",)"
"('史诺比-真人照片版',)","('动漫 动漫 ',)",https://mrcuya.gitee.io/yikmresource/gbapic/2508.jpg,"('https://www.yikm.net/play?id=8451&n=L2diYXJvbS8yNTA4LnppcA==&t=Scooby-Doo&ac=5&p=/gbapic/2508.jpg',)"
"('料理鼠王',)","('GBA GBA ',)",https://mrcuya.gitee.io/yikmresource/fcpic/1000a.png,"('https://www.yikm.net/play?id=8707&n=L2diYXJvbS8yNzY2LnppcA==&t=&ac=5&p=',)"
"('DARKWING(USA)',)","('动作冒险 动作冒险 ',)",https://mrcuya.gitee.io/yikmresource/fcpic/482a.png,"('https://www.yikm.net/play?id=3332&n=L2Zjcm9tL2R6bXgvRGFya3dpbmcgRHVjayAoVSkgWyFdLm5lcw==&t=DARKWING(USA)',)"
"('1943(Japan)',)","('飞行射击 飞行射击 ',)",https://mrcuya.gitee.io/yikmresource/fcpic/8a.png,"('https://www.yikm.net/play?id=3588&n=L2Zjcm9tL2Z4c2ovMTk0MyAtIFRoZSBCYXR0bGUgb2YgVmFsaGFsbGEgKEopIFshXS5uZXM=&t=1943(Japan)',)"
"('迅雷行动(雷霆任务)【天正】中文',)","('射击 射击 ',)",https://mrcuya.gitee.io/yikmresource/fcpic/sj/1860a.png,"('https://www.yikm.net/play?id=4100&n=L2Zjcm9tL3NqL1JvbGxpbmcgVGh1bmRlciAoVGVuZ2VuKSBbVCtDaGlfS2FtbWluZ10ubmVz&t=迅雷行动(雷霆任务)【天正】中文',)"
"('Solomon No Kagi 2 - Coolmin Tou Kyuushutsu Sakusen(Japan)',)","('所罗门之匙 所罗门之匙 ',)",https://mrcuya.gitee.io/yikmresource/fcpic/1000a.png,"('https://www.yikm.net/play?id=4356&n=L2Zjcm9tL3h5eC9Tb2xvbW9uIG5vIEthZ2kgMiAtIENvb2xtaW4gVG91IEt5dXVzaHV0c3UgU2FrdXNlbiAoSikubmVz&t=Solomon No Kagi 2 - Coolmin Tou Kyuushutsu Sakusen(Japan)',)"
"('Volleyball',)","('排球 排球 ',)",https://mrcuya.gitee.io/yikmresource/fcpic/ydbs/2424a.png,"('https://www.yikm.net/play?id=4612&n=L2Zjcm9tL3lkYnMvVm9sbGV5YmFsbCAoVUUpIFshXS5uZXM=&t=Volleyball',)"
"('超级橄榄球',)","('足球 足球 ',)",https://mrcuya.gitee.io/yikmresource/fcpic/ydbs/2171a.png,"('https://www.yikm.net/play?id=4868&n=L2Zjcm9tL3lkYnMvU3VwZXIgUnVnYnkgKEopIFshXS5uZXM=&t=超级橄榄球',)"
"('星河战士(中文)',)","('中文 中文 ',)",https://mrcuya.gitee.io/yikmresource/fcpic/1000a.png,"('https://www.yikm.net/play?id=5124&n=L2Zjcm9tL2pzYnl6dy9YaW5nIEhlIFpoYW4gU2hpIChDKS5ORVM=&t=星河战士(中文)&ac=3',)"
"('小精灵全集',)","('GBA GBA ',)",https://mrcuya.gitee.io/yikmresource/gbapic/0064.jpg,"('https://www.yikm.net/play?id=6148&n=L2diYXJvbS8wMDY0LnppcA==&t=Pac-Man Collection&ac=5&p=/gbapic/0064.jpg',)"
"('星域毁灭者2173-火星的碰撞',)","('GBA GBA ',)",https://mrcuya.gitee.io/yikmresource/fcpic/1000a.png,"('https://www.yikm.net/play?id=6404&n=L2diYXJvbS8wMzI2LnppcA==&t=Zone of the Enders - The Fist of Mars&ac=5&p=',)"
"('双姝情缘',)","('GBA GBA ',)",https://mrcuya.gitee.io/yikmresource/fcpic/1000a.png,"('https://www.yikm.net/play?id=6660&n=L2diYXJvbS8wNTkwLnppcA==&t=Natural 2 - Duo&ac=5&p=',)"
"('国际超级明星足球赛',)","('GBA GBA ',)",https://mrcuya.gitee.io/yikmresource/gbapic/0856.jpg,"('https://www.yikm.net/play?id=6916&n=L2diYXJvbS8wODU2LnppcA==&t=International Superstar Soccer Advance&ac=5&p=/gbapic/0856.jpg',)"
"('卡片读取机+',)","('GBA GBA ',)",https://mrcuya.gitee.io/yikmresource/fcpic/1000a.png,"('https://www.yikm.net/play?id=7172&n=L2diYXJvbS8xMTIzLnppcA==&t=Card e-Reader+&ac=5&p=',)"
"('热血物语EX',)","('GBA GBA ',)",https://mrcuya.gitee.io/yikmresource/fcpic/1000a.png,"('https://www.yikm.net/play?id=7428&n=L2diYXJvbS8xNDAwLnppcA==&t=Downtown - Nekketsu Monogatari EX&ac=5&p=',)"
"('马里奥高尔夫巡回赛',)","('GBA GBA ',)",https://mrcuya.gitee.io/yikmresource/fcpic/1000a.png,"('https://www.yikm.net/play?id=7684&n=L2diYXJvbS8xNjkwLnppcA==&t=Mario Golf - Advance Tour&ac=5&p=',)"
"('游戏王-世界冠军赛2005',)","('GBA GBA ',)",https://mrcuya.gitee.io/yikmresource/fcpic/1000a.png,"('https://www.yikm.net/play?id=7940&n=L2diYXJvbS8xOTU5LnppcA==&t=Yu-Gi-Oh! - Day of the Duelist - World Championship Tournament 2005&ac=5&p=',)"
"('史瑞克',)","('GBA GBA ',)",https://mrcuya.gitee.io/yikmresource/fcpic/1000a.png,"('https://www.yikm.net/play?id=8196&n=L2diYXJvbS8yMjM2LnppcA==&t=超级碰撞 Shrek Super Slam&ac=5&p=',)"
"('迪斯尼公主',)","('GBA GBA ',)",https://mrcuya.gitee.io/yikmresource/fcpic/1000a.png,"('https://www.yikm.net/play?id=8452&n=L2diYXJvbS8yNTA5LnppcA==&t=- 王国冒险 Disney Princess - Royal Adventure&ac=5&p=',)"
"('冲浪企鹅',)","('GBA GBA ',)",https://mrcuya.gitee.io/yikmresource/fcpic/1000a.png,"('https://www.yikm.net/play?id=8708&n=L2diYXJvbS8yNzY3LnppcA==&t=&ac=5&p=',)"
"('Devil Man',)","('动作冒险 动作冒险 ',)",https://mrcuya.gitee.io/yikmresource/fcpic/519a.png,"('https://www.yikm.net/play?id=3333&n=L2Zjcm9tL2R6bXgvRGV2aWwgTWFuIChKKS5uZXM=&t=Devil Man',)"
"('1943(USA)',)","('飞行射击 飞行射击 ',)",https://mrcuya.gitee.io/yikmresource/fcpic/7a.png,"('https://www.yikm.net/play?id=3589&n=L2Zjcm9tL2Z4c2ovMTk0MyAtIFRoZSBCYXR0bGUgb2YgTWlkd2F5IChVKSBbIV0ubmVz&t=1943(USA)',)"
"('Metal Storm(Japan)',)","('射击 射击 ',)",https://mrcuya.gitee.io/yikmresource/fcpic/sj/1133a.png,"('https://www.yikm.net/play?id=4101&n=L2Zjcm9tL3NqL0p1dXJ5b2t1IFNvdWtvdSBNZXRhbCBTdG9ybSAoSikubmVz&t=Metal Storm(Japan)',)"
"('Solomon No Kagi 2 - Coolmin Tou Kyuushutsu Sakusen(Europe)',)","('所罗门之匙 所罗门之匙 ',)",https://mrcuya.gitee.io/yikmresource/fcpic/xyx/2039a.png,"('https://www.yikm.net/play?id=4357&n=L2Zjcm9tL3h5eC9Tb2xvbW9uJ3MgS2V5IDIgKEUpIFshXS5uZXM=&t=Solomon No Kagi 2 - Coolmin Tou Kyuushutsu Sakusen(Europe)',)"
"('沙滩排球王',)","('排球 排球 ',)",https://mrcuya.gitee.io/yikmresource/fcpic/1000a.png,"('https://www.yikm.net/play?id=4613&n=L2Zjcm9tL3lkYnMvS2luZ3Mgb2YgdGhlIEJlYWNoIChVKSBbIV0ubmVz&t=沙滩排球王',)"
"('Soccer',)","('足球 足球 ',)",https://mrcuya.gitee.io/yikmresource/fcpic/ydbs/1223a.png,"('https://www.yikm.net/play?id=4869&n=L2Zjcm9tL3lkYnMvU29jY2VyIChKVSkgWyFdLm5lcw==&t=Soccer',)"
"('Empire Strikes Back The',)","('中文 中文 ',)",https://mrcuya.gitee.io/yikmresource/fcpic/1000a.png,"('https://www.yikm.net/play?id=5125&n=L2Zjcm9tL2pzYnl6dy9FbXBpcmUgU3RyaWtlcyBCYWNrLCBUaGUgKEopLm5lcw==&t=Empire Strikes Back The&ac=3',)"
"('托蒂的欢乐派对之不可思议的宝石',)","('GBA GBA ',)",https://mrcuya.gitee.io/yikmresource/fcpic/1000a.png,"('https://www.yikm.net/play?id=6149&n=L2diYXJvbS8wMDY1LnppcA==&t=Titi et les Bijoux Magiques&ac=5&p=',)"
"('美国鼠潭',)","('GBA GBA ',)",https://mrcuya.gitee.io/yikmresource/fcpic/1000a.png,"(""https://www.yikm.net/play?id=6405&n=L2diYXJvbS8wMzI3LnppcA==&t=American Tail, An - Fievel's Gold Rush&ac=5&p="",)"
"('年轻的女巫塞布丽娜',)","('GBA GBA ',)",https://mrcuya.gitee.io/yikmresource/fcpic/1000a.png,"('https://www.yikm.net/play?id=6661&n=L2diYXJvbS8wNTkxLnppcA==&t=Sabrina - The Teenage Witch - Potion Commotion&ac=5&p=',)"
"('实况Q版口袋棒球5',)","('GBA GBA ',)",https://mrcuya.gitee.io/yikmresource/fcpic/1000a.png,"('https://www.yikm.net/play?id=6917&n=L2diYXJvbS8wODU3LnppcA==&t=Power Pro Kun Pocket 5&ac=5&p=',)"
"('真女神转生-恶魔之子!',)","('GBA GBA ',)",https://mrcuya.gitee.io/yikmresource/fcpic/1000a.png,"('https://www.yikm.net/play?id=7173&n=L2diYXJvbS8xMTI0LnppcA==&t=Shin Megami Tensei Devil Children - Puzzle de Call!&ac=5&p=',)"
"('雅利达游戏合集',)","('GBA GBA ',)",https://mrcuya.gitee.io/yikmresource/fcpic/1000a.png,"('https://www.yikm.net/play?id=7429&n=L2diYXJvbS8xNDAxLnppcA==&t=Atari Anniversary Advance&ac=5&p=',)"
"('口袋妖怪-绿叶',)","('GBA GBA ',)",https://mrcuya.gitee.io/yikmresource/fcpic/1000a.png,"('https://www.yikm.net/play?id=7685&n=L2diYXJvbS8xNjkxLnppcA==&t=Pokemon - Leaf Green Version&ac=5&p=',)"
"('海贼王-棒球进行曲',)","('GBA GBA ',)",https://mrcuya.gitee.io/yikmresource/fcpic/1000a.png,"('https://www.yikm.net/play?id=7941&n=L2diYXJvbS8xOTYwLnppcA==&t=One Piece - Going Baseball - Haejeok Yaku&ac=5&p=',)"
"('海绵方块!',)","('GBA GBA ',)",https://mrcuya.gitee.io/yikmresource/fcpic/1000a.png,"('https://www.yikm.net/play?id=8197&n=L2diYXJvbS8yMjM3LnppcA==&t=SpongeBob SquarePants - Lights, Camera, Pants!&ac=5&p=',)"
"('火影忍者',)","('GBA GBA ',)",https://mrcuya.gitee.io/yikmresource/fcpic/1000a.png,"('https://www.yikm.net/play?id=8453&n=L2diYXJvbS8yNTEwLnppcA==&t=- 大结集 2 Naruto - Ninja Council 2&ac=5&p=',)"
"('古惑狼泰坦',)","('GBA GBA ',)",https://mrcuya.gitee.io/yikmresource/fcpic/1000a.png,"('https://www.yikm.net/play?id=8709&n=L2diYXJvbS8yNzY4LnppcA==&t=&ac=5&p=',)"
"('CASTLE1(Japan)',)","('恶魔城 恶魔城 ',)",https://mrcuya.gitee.io/yikmresource/fcpic/87a.png,"('https://www.yikm.net/play?id=3334&n=L2Zjcm9tL2R6bXgvQWt1bWFqb3UgRHJhY3VsYSAoSikgWyFdLm5lcw==&t=CASTLE1(Japan)',)"
"('B-Wings',)","('飞行射击 飞行射击 ',)",https://mrcuya.gitee.io/yikmresource/fcpic/151a.png,"('https://www.yikm.net/play?id=3590&n=L2Zjcm9tL2Z4c2ovQi1XaW5ncyAoSikgWyFdLm5lcw==&t=B-Wings&ac=3',)"
"('Metal Storm(USA)',)","('射击 射击 ',)",https://mrcuya.gitee.io/yikmresource/fcpic/sj/1432a.png,"('https://www.yikm.net/play?id=4102&n=L2Zjcm9tL3NqL01ldGFsIFN0b3JtIChVKSBbIV0ubmVz&t=Metal Storm(USA)',)"
"('Solomon No Kagi 2 - Coolmin Tou Kyuushutsu Sakusen(USA)',)","('所罗门之匙 所罗门之匙 ',)",https://mrcuya.gitee.io/yikmresource/fcpic/xyx/764a.png,"('https://www.yikm.net/play?id=4358&n=L2Zjcm9tL3h5eC9GaXJlICduIEljZSAoVSkgWyFdLm5lcw==&t=Solomon No Kagi 2 - Coolmin Tou Kyuushutsu Sakusen(USA)',)"
"('维尼斯沙滩排球【AVE】',)","('排球 排球 ',)",https://mrcuya.gitee.io/yikmresource/fcpic/ydbs/2424a.png,"('https://www.yikm.net/play?id=4614&n=L2Zjcm9tL3lkYnMvVmVuaWNlIEJlYWNoIFZvbGxleWJhbGwgKEFWRSkgWyFdLm5lcw==&t=维尼斯沙滩排球【AVE】',)"
"('顶级射手',)","('足球 足球 ',)",https://mrcuya.gitee.io/yikmresource/fcpic/ydbs/2343a.png,"('https://www.yikm.net/play?id=4870&n=L2Zjcm9tL3lkYnMvVG9wIFN0cmlrZXIgKEopLm5lcw==&t=顶级射手',)"
"('Empire Strikes Back The(USA)',)","('中文 中文 ',)",https://mrcuya.gitee.io/yikmresource/fcpic/1000a.png,"('https://www.yikm.net/play?id=5126&n=L2Zjcm9tL2pzYnl6dy9TdGFyIFdhcnMgLSBUaGUgRW1waXJlIFN0cmlrZXMgQmFjayAoVSkgKFByb3RvdHlwZSkgWyFdLm5lcw==&t=Empire Strikes Back The(USA)&ac=3',)"
"('大富翁EX垄断',)","('GBA GBA ',)",https://mrcuya.gitee.io/yikmresource/fcpic/1000a.png,"('https://www.yikm.net/play?id=6150&n=L2diYXJvbS8wMDY2LnppcA==&t=EX Monopoly&ac=5&p=',)"
"('魔笛师传说',)","('GBA GBA ',)",https://mrcuya.gitee.io/yikmresource/fcpic/1000a.png,"('https://www.yikm.net/play?id=6406&n=L2diYXJvbS8wMzI4LnppcA==&t=Black Black - Bura Bura&ac=5&p=',)"
"('超级海绵笨伯-荷兰鬼魂的复仇',)","(' Pong  Pong ',)",https://mrcuya.gitee.io/yikmresource/gbapic/0592.jpg,"('https://www.yikm.net/play?id=6662&n=L2diYXJvbS8wNTkyLnppcA==&t=SpongeBob SquarePants - Revenge of the Flying Dutchman&ac=5&p=/gbapic/0592.jpg',)"
"('炼金术士玛丽艾莉',)","('马里奥 马里奥 ',)",https://mrcuya.gitee.io/yikmresource/gbapic/0858.png,"('https://www.yikm.net/play?id=6918&n=L2diYXJvbS8wODU4LnppcA==&t=& 安丝的工作室-风之传言 Marie, Elie & Anis no Atelier - Soyokaze Kara no Dengon&ac=5&p=/gbapic/0858.png',)"
"('狂野丛林-猎杀黑猩猩',)","('GBA GBA ',)",https://mrcuya.gitee.io/yikmresource/fcpic/1000a.png,"('https://www.yikm.net/play?id=7174&n=L2diYXJvbS8xMTI1LnppcA==&t=Expedition der Stachelbeeren - Zoff im Zoo&ac=5&p=',)"
"('怪投射波',)","('拼图 拼图 ',)",https://mrcuya.gitee.io/yikmresource/gbapic/1402.png,"('https://www.yikm.net/play?id=7430&n=L2diYXJvbS8xNDAyLnppcA==&t=Snood&ac=5&p=/gbapic/1402.png',)"
"('火炎之纹章-圣魔之光石',)","('GBA GBA ',)",https://mrcuya.gitee.io/yikmresource/fcpic/1000a.png,"('https://www.yikm.net/play?id=7686&n=L2diYXJvbS8xNjkyLnppcA==&t=Fire Emblem - Seima no Kouseki&ac=5&p=',)"
"('龙珠大冒险',)","('GBA GBA ',)",https://mrcuya.gitee.io/yikmresource/fcpic/1000a.png,"('https://www.yikm.net/play?id=7942&n=L2diYXJvbS8xOTYxLnppcA==&t=Dragon Ball - Advanced Adventure&ac=5&p=',)"
"('正义双亲的反斗家族-反物质世界的突变',)","('GBA GBA ',)",https://mrcuya.gitee.io/yikmresource/fcpic/1000a.png,"('https://www.yikm.net/play?id=8198&n=L2diYXJvbS8yMjM4LnppcA==&t=Fairly Odd Parents!, The - Clash with the Anti-World&ac=5&p=',)"
"('篱笆墙外',)","('GBA GBA ',)",https://mrcuya.gitee.io/yikmresource/fcpic/1000a.png,"('https://www.yikm.net/play?id=8454&n=L2diYXJvbS8yNTExLnppcA==&t=Over the Hedge - Hammy Goes Nuts!&ac=5&p=',)"
"('斯派罗传说',)","('GBA GBA ',)",https://mrcuya.gitee.io/yikmresource/fcpic/1000a.png,"('https://www.yikm.net/play?id=8710&n=L2diYXJvbS8yNzY5LnppcA==&t=无尽之夜&ac=5&p=',)"
"('CASTLE1(Europe)',)","('恶魔城 恶魔城 ',)",https://mrcuya.gitee.io/yikmresource/fcpic/359a.png,"('https://www.yikm.net/play?id=3335&n=L2Zjcm9tL2R6bXgvQ2FzdGxldmFuaWEgKEUpIFshXS5uZXM=&t=CASTLE1(Europe)',)"
"('Z基地(欧版)',)","('飞行射击 飞行射击 ',)",https://mrcuya.gitee.io/yikmresource/fcpic/1926a.png,"('https://www.yikm.net/play?id=3591&n=L2Zjcm9tL2Z4c2ovU2VjdGlvbi1aIChFKSBbIV0ubmVz&t=Z基地(欧版)',)"
"('Metal Flame Psybuster(Japan)',)","('射击 射击 ',)",https://mrcuya.gitee.io/yikmresource/fcpic/sj/1425a.png,"('https://www.yikm.net/play?id=4103&n=L2Zjcm9tL3NqL01ldGFsIEZsYW1lIFBzeWJ1c3RlciAoSikubmVz&t=Metal Flame Psybuster(Japan)',)"
"('Super Mogura Tataki!! - Pokkun Moguraa',)","('小游戏 小游戏 ',)",https://mrcuya.gitee.io/yikmresource/fcpic/1000a.png,"('https://www.yikm.net/play?id=4359&n=L2Zjcm9tL3h5eC9IaXQgTW91c2UgKFVubCkubmVz&t=Super Mogura Tataki!! - Pokkun Moguraa',)"
"('WCW世界摔角(超级明星摔角)日版',)","('摔角 摔角 ',)",https://mrcuya.gitee.io/yikmresource/fcpic/ydbs/2187a.png,"('https://www.yikm.net/play?id=4615&n=L2Zjcm9tL3lkYnMvU3VwZXJzdGFyIFBybyBXcmVzdGxpbmcgKEopLm5lcw==&t=WCW世界摔角(超级明星摔角)日版',)"
"('任天堂高尔夫公开赛(马里奥高尔夫)日版',)","('高尔夫 高尔夫 ',)",https://mrcuya.gitee.io/yikmresource/fcpic/ydbs/1374a.png,"('https://www.yikm.net/play?id=4871&n=L2Zjcm9tL3lkYnMvTWFyaW8gT3BlbiBHb2xmIChKKS5uZXM=&t=任天堂高尔夫公开赛(马里奥高尔夫)日版',)"
"('Archon',)","('中文 中文 ',)",https://mrcuya.gitee.io/yikmresource/fcpic/1000a.png,"('https://www.yikm.net/play?id=5127&n=L2Zjcm9tL2pzYnl6dy9YaW5nIEppIFpoZW5nIEJhIChDKS5ORVM=&t=Archon&ac=3',)"
"('大家一起养系列-我的甲虫',)","('GBA GBA ',)",https://mrcuya.gitee.io/yikmresource/fcpic/1000a.png,"('https://www.yikm.net/play?id=6151&n=L2diYXJvbS8wMDY3LnppcA==&t=Minna no Shiiku Series 1 - Boku no Kabuto Mushi&ac=5&p=',)"
"('超级街霸II-复苏',)","('GBA GBA ',)",https://mrcuya.gitee.io/yikmresource/fcpic/1000a.png,"('https://www.yikm.net/play?id=6407&n=L2diYXJvbS8wMzI5LnppcA==&t=Super Street Fighter II Turbo - Revival&ac=5&p=',)"
"('超级马里奥3-耀奇岛',)","('GBA GBA ',)",https://mrcuya.gitee.io/yikmresource/fcpic/1000a.png,"(""https://www.yikm.net/play?id=6663&n=L2diYXJvbS8wNTkzLnppcA==&t=Super Mario Advance 3 - Yoshi's Island&ac=5&p="",)"
"('疯狂解迷方块之推石小子',)","('GBA GBA ',)",https://mrcuya.gitee.io/yikmresource/fcpic/1000a.png,"('https://www.yikm.net/play?id=6919&n=L2diYXJvbS8wODU5LnppcA==&t=Boulder Dash EX&ac=5&p=',)"
"('怪物史瑞克-恶臭大灾难',)","('史瑞克 史瑞克 ',)",https://mrcuya.gitee.io/yikmresource/gbapic/1126.jpg,"(""https://www.yikm.net/play?id=7175&n=L2diYXJvbS8xMTI2LnppcA==&t=Shrek - Reekin' Havoc&ac=5&p=/gbapic/1126.jpg"",)"
"('洛克人EXE战斗芯片锦标赛',)","('GBA GBA ',)",https://mrcuya.gitee.io/yikmresource/fcpic/1000a.png,"('https://www.yikm.net/play?id=7431&n=L2diYXJvbS8xNDAzLnppcA==&t=Megaman - Battle Chip Challenge&ac=5&p=',)"
"('托尼・霍克地下滑板2',)","('模拟 模拟 ',)",https://mrcuya.gitee.io/yikmresource/gbapic/1693.jpg,"(""https://www.yikm.net/play?id=7687&n=L2diYXJvbS8xNjkzLnppcA==&t=Tony Hawk's Underground 2&ac=5&p=/gbapic/1693.jpg"",)"
"('雨果-邪恶的镜子',)","('GBA GBA ',)",https://mrcuya.gitee.io/yikmresource/fcpic/1000a.png,"('https://www.yikm.net/play?id=7943&n=L2diYXJvbS8xOTYyLnppcA==&t=Hugo - The Evil Mirror Advance&ac=5&p=',)"
"('口袋妖怪不可思议的迷宫',)","('GBA GBA ',)",https://mrcuya.gitee.io/yikmresource/fcpic/1000a.png,"('https://www.yikm.net/play?id=8199&n=L2diYXJvbS8yMjM5LnppcA==&t=红色救助队 Pokemon Fushigi no Dungeon - Aka no Kyuujotai&ac=5&p=',)"
"('家庭斗争',)","('GBA GBA ',)",https://mrcuya.gitee.io/yikmresource/fcpic/1000a.png,"('https://www.yikm.net/play?id=8455&n=L2diYXJvbS8yNTEyLnppcA==&t=Family Feud&ac=5&p=',)"
"('北极故事',)","('GBA GBA ',)",https://mrcuya.gitee.io/yikmresource/fcpic/1000a.png,"('https://www.yikm.net/play?id=8711&n=L2diYXJvbS8yNzcwLnppcA==&t=&ac=5&p=',)"
"('CASTLE1(USA)',)","('恶魔城 恶魔城 ',)",https://mrcuya.gitee.io/yikmresource/fcpic/1000a.png,"('https://www.yikm.net/play?id=3336&n=L2Zjcm9tL2R6bXgvQ2FzdGxldmFuaWEgKFUpIChQUkcxKSBbIV0ubmVz&t=CASTLE1(USA)',)"
"('Z基地(美版)',)","('飞行射击 飞行射击 ',)",https://mrcuya.gitee.io/yikmresource/fcpic/1926a.png,"('https://www.yikm.net/play?id=3592&n=L2Zjcm9tL2Z4c2ovU2VjdGlvbi1aIChVKSBbIV0ubmVz&t=Z基地(美版)',)"
"('Metal Flame Psybuster(USA)',)","('射击 射击 ',)",https://mrcuya.gitee.io/yikmresource/fcpic/sj/1430a.png,"('https://www.yikm.net/play?id=4104&n=L2Zjcm9tL3NqL01ldGFsIE1lY2ggLSBNYW4gJiBNYWNoaW5lIChVKSBbIV0ubmVz&t=Metal Flame Psybuster(USA)',)"
"('家庭打砖块(日版)',)","('打砖块 打砖块 ',)",https://mrcuya.gitee.io/yikmresource/fcpic/xyx/698a.png,"('https://www.yikm.net/play?id=4360&n=L2Zjcm9tL3h5eC9GYW1pbHkgQmxvY2sgKEopLm5lcw==&t=家庭打砖块(日版)',)"
"('WCW世界摔角(超级明星摔角)美版',)","('摔角 摔角 ',)",https://mrcuya.gitee.io/yikmresource/fcpic/ydbs/2452a.png,"('https://www.yikm.net/play?id=4616&n=L2Zjcm9tL3lkYnMvV0NXIFdvcmxkIENoYW1waW9uc2hpcCBXcmVzdGxpbmcgKFUpIFshXS5uZXM=&t=WCW世界摔角(超级明星摔角)美版',)"
"('任天堂高尔夫公开赛(马里奥高尔夫)美版',)","('高尔夫 高尔夫 ',)",https://mrcuya.gitee.io/yikmresource/fcpic/ydbs/1551a.png,"('https://www.yikm.net/play?id=4872&n=L2Zjcm9tL3lkYnMvTkVTIE9wZW4gVG91cm5hbWVudCBHb2xmIChVKSBbIV0ubmVz&t=任天堂高尔夫公开赛(马里奥高尔夫)美版',)"
"('星际武士',)","('中文 中文 ',)",https://mrcuya.gitee.io/yikmresource/fcpic/1000a.png,"('https://www.yikm.net/play?id=5128&n=L2Zjcm9tL2pzYnl6dy9TRy5ORVM=&t=星际武士&ac=3',)"
"('闪灵二人组',)","('GBA GBA ',)",https://mrcuya.gitee.io/yikmresource/fcpic/1000a.png,"('https://www.yikm.net/play?id=6152&n=L2diYXJvbS8wMDY4LnppcA==&t=GetBackers Dakkanya - Jigoku no Scaramouche&ac=5&p=',)"
"('幽灵屋缚之24小时',)","('GBA GBA ',)",https://mrcuya.gitee.io/yikmresource/fcpic/1000a.png,"('https://www.yikm.net/play?id=6408&n=L2diYXJvbS8wMzMwLnppcA==&t=Yuureiyashiki no Nijuuyojikan&ac=5&p=',)"
"('恐惧的总和',)","('GBA GBA ',)",https://mrcuya.gitee.io/yikmresource/fcpic/1000a.png,"('https://www.yikm.net/play?id=6664&n=L2diYXJvbS8wNTk0LnppcA==&t=Sum of All Fears, The&ac=5&p=',)"
"('犬夜叉-奈落之圈套迷幻森林之请帖',)","('GBA GBA ',)",https://mrcuya.gitee.io/yikmresource/fcpic/1000a.png,"('https://www.yikm.net/play?id=6920&n=L2diYXJvbS8wODYwLnppcA==&t=Inuyasha - Naraku no Wana! Mayoi no Mori no Shoutaijou&ac=5&p=',)"
"('网络机械兽世纪',)","('GBA GBA ',)",https://mrcuya.gitee.io/yikmresource/fcpic/1000a.png,"('https://www.yikm.net/play?id=7176&n=L2diYXJvbS8xMTI3LnppcA==&t=Cyberdrive Zoids - Kijuu no Senshi Hyuu&ac=5&p=',)"
"('激斗!英雄奥特曼',)","('GBA GBA ',)",https://mrcuya.gitee.io/yikmresource/fcpic/1000a.png,"('https://www.yikm.net/play?id=7432&n=L2diYXJvbS8xNDA0LnppcA==&t=Taiketsu! Ultra Hero&ac=5&p=',)"
"('马里奥弹珠台',)","(' Pinball  Pinball ',)",https://mrcuya.gitee.io/yikmresource/gbapic/1694.jpg,"('https://www.yikm.net/play?id=7688&n=L2diYXJvbS8xNjk0LnppcA==&t=Mario Pinball Land&ac=5&p=/gbapic/1694.jpg',)"
"('东京极限竞速车',)","('驾驶 驾驶 ',)",https://mrcuya.gitee.io/yikmresource/gbapic/1963.jpg,"('https://www.yikm.net/play?id=7944&n=L2diYXJvbS8xOTYzLnppcA==&t=Tokyo Xtreme Racer Advance&ac=5&p=/gbapic/1963.jpg',)"
"('马里奥网球',)","('GBA GBA ',)",https://mrcuya.gitee.io/yikmresource/fcpic/1000a.png,"('https://www.yikm.net/play?id=8200&n=L2diYXJvbS8yMjQwLnppcA==&t=Mario Power Tennis&ac=5&p=',)"
"('降世神通',)","('动漫 动漫 ',)",https://mrcuya.gitee.io/yikmresource/gbapic/2513.jpg,"('https://www.yikm.net/play?id=8456&n=L2diYXJvbS8yNTEzLnppcA==&t=Avatar - The Last Airbender&ac=5&p=/gbapic/2513.jpg',)"
"('贝茨娃娃',)","('GBA GBA ',)",https://mrcuya.gitee.io/yikmresource/fcpic/1000a.png,"('https://www.yikm.net/play?id=8712&n=L2diYXJvbS8yNzcxLnppcA==&t=&ac=5&p=',)"
"('Castlevania2-Simons Quest(Europe)',)","('恶魔城 恶魔城 ',)",https://mrcuya.gitee.io/yikmresource/fcpic/359a.png,"('https://www.yikm.net/play?id=3337&n=L2Zjcm9tL2R6bXgvQ2FzdGxldmFuaWEgSUkgLSBTaW1vbidzIFF1ZXN0IChFKSBbIV0ubmVz&t=Castlevania2-Simons Quest(Europe)',)"
